"SKU";"Название";"Бренд";"Продавец";"Категория";"Схема";"Наличие";"Коммент.";"Рейтинг";"Цена";"Мин. цена";"Макс. цена";"Ср . цена";"Цена с Ozon картой";"Продаж";"Выручка (30 дней)";"Средняя дневная выручка";"Потенциал";"Упущенная выручка";"Упущенная выручка %";"Был в наличии";"Дней с продажами";"Среднее при наличии";"Фото";"Url";"Среднее число продаж";"Позиция в категории";"Цена до скидки";"Медиан. цена";"Продажи 2023-07-26";"Продажи 2023-07-27";"Продажи 2023-07-28";"Продажи 2023-07-29";"Продажи 2023-07-30";"Продажи 2023-07-31";"Продажи 2023-08-01";"Продажи 2023-08-02";"Продажи 2023-08-03";"Продажи 2023-08-04";"Продажи 2023-08-05";"Продажи 2023-08-06";"Продажи 2023-08-07";"Продажи 2023-08-08";"Продажи 2023-08-09";"Продажи 2023-08-10";"Продажи 2023-08-11";"Продажи 2023-08-12";"Продажи 2023-08-13";"Продажи 2023-08-14";"Продажи 2023-08-15";"Продажи 2023-08-16";"Продажи 2023-08-17";"Продажи 2023-08-18";"Продажи 2023-08-19";"Продажи 2023-08-20";"Продажи 2023-08-21";"Продажи 2023-08-22";"Продажи 2023-08-23";"Продажи 2023-08-24";"Выручка 2023-07-26";"Выручка 2023-07-27";"Выручка 2023-07-28";"Выручка 2023-07-29";"Выручка 2023-07-30";"Выручка 2023-07-31";"Выручка 2023-08-01";"Выручка 2023-08-02";"Выручка 2023-08-03";"Выручка 2023-08-04";"Выручка 2023-08-05";"Выручка 2023-08-06";"Выручка 2023-08-07";"Выручка 2023-08-08";"Выручка 2023-08-09";"Выручка 2023-08-10";"Выручка 2023-08-11";"Выручка 2023-08-12";"Выручка 2023-08-13";"Выручка 2023-08-14";"Выручка 2023-08-15";"Выручка 2023-08-16";"Выручка 2023-08-17";"Выручка 2023-08-18";"Выручка 2023-08-19";"Выручка 2023-08-20";"Выручка 2023-08-21";"Выручка 2023-08-22";"Выручка 2023-08-23";"Выручка 2023-08-24";"Цена 2023-07-26";"Цена 2023-07-27";"Цена 2023-07-28";"Цена 2023-07-29";"Цена 2023-07-30";"Цена 2023-07-31";"Цена 2023-08-01";"Цена 2023-08-02";"Цена 2023-08-03";"Цена 2023-08-04";"Цена 2023-08-05";"Цена 2023-08-06";"Цена 2023-08-07";"Цена 2023-08-08";"Цена 2023-08-09";"Цена 2023-08-10";"Цена 2023-08-11";"Цена 2023-08-12";"Цена 2023-08-13";"Цена 2023-08-14";"Цена 2023-08-15";"Цена 2023-08-16";"Цена 2023-08-17";"Цена 2023-08-18";"Цена 2023-08-19";"Цена 2023-08-20";"Цена 2023-08-21";"Цена 2023-08-22";"Цена 2023-08-23";"Цена 2023-08-24";"Запросы 2023-07-26";"Запросы 2023-07-27";"Запросы 2023-07-28";"Запросы 2023-07-29";"Запросы 2023-07-30";"Запросы 2023-07-31";"Запросы 2023-08-01";"Запросы 2023-08-02";"Запросы 2023-08-03";"Запросы 2023-08-04";"Запросы 2023-08-05";"Запросы 2023-08-06";"Запросы 2023-08-07";"Запросы 2023-08-08";"Запросы 2023-08-09";"Запросы 2023-08-10";"Запросы 2023-08-11";"Запросы 2023-08-12";"Запросы 2023-08-13";"Запросы 2023-08-14";"Запросы 2023-08-15";"Запросы 2023-08-16";"Запросы 2023-08-17";"Запросы 2023-08-18";"Запросы 2023-08-19";"Запросы 2023-08-20";"Запросы 2023-08-21";"Запросы 2023-08-22";"Запросы 2023-08-23";"Запросы 2023-08-24";"Остатки 2023-07-26";"Остатки 2023-07-27";"Остатки 2023-07-28";"Остатки 2023-07-29";"Остатки 2023-07-30";"Остатки 2023-07-31";"Остатки 2023-08-01";"Остатки 2023-08-02";"Остатки 2023-08-03";"Остатки 2023-08-04";"Остатки 2023-08-05";"Остатки 2023-08-06";"Остатки 2023-08-07";"Остатки 2023-08-08";"Остатки 2023-08-09";"Остатки 2023-08-10";"Остатки 2023-08-11";"Остатки 2023-08-12";"Остатки 2023-08-13";"Остатки 2023-08-14";"Остатки 2023-08-15";"Остатки 2023-08-16";"Остатки 2023-08-17";"Остатки 2023-08-18";"Остатки 2023-08-19";"Остатки 2023-08-20";"Остатки 2023-08-21";"Остатки 2023-08-22";"Остатки 2023-08-23";"Остатки 2023-08-24"
941537301;"Чехол оплётка на руль автомобиля Autoboost, размер М 37,38,39 см, со шнуровкой, перфорированная кожа и красная нить";"Autoboost";"Autoboost";"Автотовары/Автоаксессуары и принадлежности/Интерьер автомобиля/Оплетки и ручки на руль";"FBO";34;1;"5";600;574;613;"601,75";578;4;2407;"80,2333";"2407";"0";"0";30;3;"0,1333";"https://cdn1.ozone.ru/s3/multimedia-5/6625723541.jpg";"https://www.ozon.ru/context/detail/id/941537301";"0,1333";0;1200;592;0;0;1;0;0;0;0;0;0;0;0;0;0;0;0;0;0;0;0;0;0;1;0;2;0;0;0;0;0;0;0;0;587;0;0;0;0;0;0;0;0;0;0;0;0;0;0;0;0;0;0;606;0;1214;0;0;0;0;0;0;581;589;587;592;592;592;581;580;589;597;613;613;613;590;583;584;574;574;574;574;584;606;607;607;606;606;606;608;609;600;21;25;27;39;38;17;35;36;52;62;40;48;66;58;67;67;69;74;70;39;47;87;91;99;80;65;66;60;91;83;38;38;37;37;37;37;37;37;37;37;37;37;37;37;37;37;37;37;37;37;37;36;36;34;34;34;34;34;34;34
889733175;"Универсальная оплётка на руль Rudder с синей нулевой отметкой / Чехол на руль автомобиля кожаный размер М (37-38 см)";"Rudder";"Rudder";"Автотовары/Автоаксессуары и принадлежности/Интерьер автомобиля/Оплетки и ручки на руль";"FBO";1;271;"4,77";1134;1075;1331;"1145,0625";1090;16;18321;"610,7";"18321";"0";"0";30;10;"0,5333";"https://cdn1.ozone.ru/s3/multimedia-2/6596877422.jpg";"https://www.ozon.ru/context/detail/id/889733175";"0,5333";0;2700;1134.5;0;0;2;2;0;0;2;0;0;0;0;0;0;0;0;0;0;0;0;1;0;0;1;2;2;1;1;0;0;2;0;0;2208;2150;0;0;2584;0;0;0;0;0;0;0;0;0;0;0;0;1325;0;0;1122;2244;2210;1105;1105;0;0;2268;1095;1115;1104;1075;1075;1075;1292;1286;1286;1314;1331;1331;1331;1308;1281;1290;1281;1325;1325;1325;1107;1101;1122;1122;1105;1105;1105;1127;1135;1134;29;30;27;24;0;0;8;7;8;10;4;5;8;9;7;1;0;0;0;0;16;28;31;0;0;0;0;0;1;0;8;11;9;7;7;7;5;5;8;8;8;10;10;10;10;10;10;10;10;9;10;10;9;7;5;4;3;3;3;1
889733170;"Универсальная оплётка на руль Rudder с серой нулевой отметкой / Чехол на руль автомобиля кожаный размер М (37-38 см)";"Rudder";"Rudder";"Автотовары/Автоаксессуары и принадлежности/Интерьер автомобиля/Оплетки и ручки на руль";"FBO";0;271;"4,77";1081;1075;1135;"1106,1062";1039;160;176977;"5899,2333";"183079,6552";"6102,66";"3,34";29;28;"5,4138";"https://cdn1.ozone.ru/s3/multimedia-g/6596866528.jpg";"https://www.ozon.ru/context/detail/id/889733170";"5,3333";0;2700;1109.5;6;6;5;7;5;3;3;4;10;2;0;0;5;9;11;4;5;10;3;5;7;6;7;6;5;4;6;8;5;3;6690;6624;5375;7525;5375;3381;3243;4352;11120;2252;0;0;5630;9756;12012;4336;5605;11210;3363;5535;7707;6732;7854;6732;5525;4420;6630;9080;5670;3243;1115;1104;1075;1075;1075;1127;1081;1088;1112;1126;1126;1126;1126;1084;1092;1084;1121;1121;1121;1107;1101;1122;1122;1122;1105;1105;1105;1135;1134;1081;34;38;38;54;35;30;34;37;43;37;59;49;47;43;14;9;23;41;44;44;51;87;40;49;35;28;54;23;29;51;51;59;54;47;42;39;36;32;29;28;33;33;28;19;48;45;42;38;36;31;25;19;17;12;11;8;10;2;3;0
889732862;"Универсальная оплётка на руль Rudder с красной нулевой отметкой / Чехол на руль автомобиля кожаный размер М (37-38 см)";"Rudder";"Rudder";"Автотовары/Автоаксессуары и принадлежности/Интерьер автомобиля/Оплетки и ручки на руль";"FBO";32;271;"4,77";1134;1075;1135;"1104,5926";1090;81;89472;"2982,4";"89472";"0";"0";30;28;"2,7";"https://cdn1.ozone.ru/s3/multimedia-i/6596856522.jpg";"https://www.ozon.ru/context/detail/id/889732862";"2,7";0;2700;1111;2;4;3;4;1;1;4;3;4;4;3;0;0;2;6;3;1;1;1;3;3;4;3;3;5;6;4;1;1;1;2190;4460;3312;4300;1075;1075;4372;3264;4352;4504;3378;0;0;2214;6504;3252;1121;1121;1121;3363;3303;4488;3366;3366;5525;6630;4420;1127;1135;1134;1095;1115;1104;1075;1075;1075;1093;1088;1088;1126;1126;1126;1126;1107;1084;1084;1121;1121;1121;1121;1101;1122;1122;1122;1105;1105;1105;1127;1135;1134;51;37;38;52;39;31;50;36;38;34;34;21;16;31;9;22;20;36;39;46;41;48;50;69;50;57;52;42;46;50;29;34;31;27;26;25;21;15;21;17;20;21;21;24;55;54;54;64;63;60;57;53;50;47;43;38;34;33;32;32
889732872;"Универсальная оплётка на руль Rudder с коричневой нулевой отметкой / Чехол на руль автомобиля кожаный размер М (37-38 см)";"Rudder";"Rudder";"Автотовары/Автоаксессуары и принадлежности/Интерьер автомобиля/Оплетки и ручки на руль";"FBO";0;271;"4,77";1519;1081;1519;"1117,1333";1463;15;16757;"558,5667";"21856,9565";"5099,96";"23,34";23;12;"0,5652";"https://cdn1.ozone.ru/s3/multimedia-f/6596862459.jpg";"https://www.ozon.ru/context/detail/id/889732872";"0,5";0;2700;1126;0;0;0;1;0;0;0;1;2;0;0;0;0;0;0;1;1;1;2;1;1;1;1;2;0;0;0;0;0;0;0;0;0;1232;0;0;0;1081;2224;0;0;0;0;0;0;1092;1084;1121;2242;1107;1107;1101;1122;2244;0;0;0;0;0;0;1255;1278;1265;1232;1232;1232;1093;1081;1112;1126;1126;1126;1126;1107;1084;1092;1084;1121;1121;1107;1107;1101;1122;1122;1305;1305;1305;1332;1341;1519;5;8;15;12;6;4;16;19;16;20;17;16;10;10;13;8;10;9;11;6;0;0;1;0;0;0;0;0;0;0;11;13;13;12;12;12;12;11;11;11;11;11;11;11;11;10;9;8;6;5;4;3;2;0;0;0;0;0;0;0
889732859;"Универсальная оплётка на руль Rudder с бежевой нулевой отметкой / Чехол на руль автомобиля кожаный размер М (37-38 см)";"Rudder";"Rudder";"Автотовары/Автоаксессуары и принадлежности/Интерьер автомобиля/Оплетки и ручки на руль";"FBO";0;271;"4,77";1519;1075;1519;"1114,7037";1463;27;30097;"1003,2333";"41041,3636";"10944,37";"26,67";22;10;"1,1364";"https://cdn1.ozone.ru/s3/multimedia-i/6596869734.jpg";"https://www.ozon.ru/context/detail/id/889732859";"0,9";0;2700;1118;0;0;0;0;0;0;0;0;0;0;0;0;2;1;4;3;4;1;0;4;6;1;0;0;0;0;0;1;0;0;0;0;0;0;0;0;0;0;0;0;0;0;2252;1084;4336;3276;4484;1121;0;4484;6606;1122;0;0;0;0;0;1332;0;0;1095;1115;1104;1075;1075;1075;1093;1081;1088;1112;1126;1126;1126;1084;1084;1092;1121;1121;1121;1121;1101;1122;1326;1326;1305;1305;1105;1332;1341;1519;27;28;17;24;24;18;9;8;11;17;39;60;53;44;38;41;57;54;63;45;10;0;0;0;0;14;33;0;0;0;24;24;24;24;24;24;24;23;25;25;25;25;23;22;18;15;11;11;11;7;1;0;0;0;0;0;1;0;0;0
976827087;"Оплётка на руль, чехол на руль автомобиля, чехол для рычага переключения передач";"Good Smile";"goodsmile";"Автотовары/Автоаксессуары и принадлежности/Интерьер автомобиля/Оплетки и ручки на руль";"FBO";26;85;"4,92";691;675;780;"727";665;2;1454;"48,4667";"1454";"0";"0";30;2;"0,0667";"https://cdn1.ozone.ru/s3/multimedia-p/6649170757.jpg";"https://www.ozon.ru/context/detail/id/976827087";"0,0667";0;1900;725.5;0;0;0;0;0;0;0;0;0;0;0;0;0;0;0;0;1;0;0;0;0;0;0;0;0;1;0;0;0;0;0;0;0;0;0;0;0;0;0;0;0;0;0;0;0;0;762;0;0;0;0;0;0;0;0;692;0;0;0;0;678;677;675;676;676;676;772;766;750;753;771;771;771;772;780;762;762;762;762;762;776;698;701;701;692;692;692;692;691;691;18;15;12;10;9;4;9;8;14;13;9;13;10;8;8;8;6;8;7;8;8;12;11;15;17;13;13;13;18;15;28;28;28;28;28;28;28;28;28;28;28;28;28;28;28;28;27;27;27;27;27;27;27;27;27;26;26;26;26;26
976800895;"Оплётка на руль, чехол на руль автомобиля, чехол для рычага переключения передач";"Good Smile";"goodsmile";"Автотовары/Автоаксессуары и принадлежности/Интерьер автомобиля/Оплетки и ручки на руль";"FBO";26;85;"4,92";877;830;1000;"965";843;2;1930;"64,3333";"1930";"-0";"-0";30;1;"0,0667";"https://cdn1.ozone.ru/s3/multimedia-k/6649151672.jpg";"https://www.ozon.ru/context/detail/id/976800895";"0,0667";0;2250;922;0;0;0;0;0;0;0;0;0;0;0;0;0;0;0;2;0;0;0;0;0;0;0;0;0;0;0;0;0;0;0;0;0;0;0;0;0;0;0;0;0;0;0;0;0;1930;0;0;0;0;0;0;0;0;0;0;0;0;0;0;830;851;850;849;849;849;967;958;965;975;984;984;984;980;968;965;968;968;968;968;1000;869;884;886;880;880;880;880;877;877;12;10;11;11;13;4;11;11;18;19;14;17;15;11;9;11;10;12;10;6;6;10;10;15;16;11;10;9;12;9;27;27;27;27;27;27;27;27;27;27;27;27;27;27;27;25;25;26;26;26;26;26;26;26;26;26;26;26;26;26
976721499;"Оплётка на руль, чехол на руль автомобиля, чехол для рычага переключения передач";"Good Smile";"goodsmile";"Автотовары/Автоаксессуары и принадлежности/Интерьер автомобиля/Оплетки и ручки на руль";"FBO";27;85;"4,92";1051;1051;1206;"nan";1011;0;0;"0";"0";"0";"0";30;0;"0";"https://cdn1.ozone.ru/s3/multimedia-z/6649106471.jpg";"https://www.ozon.ru/context/detail/id/976721499";"0";0;2500;1101.5;0;0;0;0;0;0;0;0;0;0;0;0;0;0;0;0;0;0;0;0;0;0;0;0;0;0;0;0;0;0;0;0;0;0;0;0;0;0;0;0;0;0;0;0;0;0;0;0;0;0;0;0;0;0;0;0;0;0;0;0;1089;1089;1089;1089;1089;1089;1179;1114;1165;1191;1206;1206;1206;1185;1161;1169;1161;1182;1182;1182;1185;1052;1069;1070;1056;1056;1056;1072;1067;1051;16;10;7;8;9;4;6;6;7;7;5;6;8;4;5;4;4;8;5;4;5;6;7;8;9;6;6;6;11;7;27;27;27;27;27;27;27;27;27;27;27;27;27;27;27;27;27;27;27;27;27;27;27;27;27;27;27;27;27;27
919339138;"Оплётка на руль, чехол на руль автомобиля, чехол для рычага переключения передач";"Good Smile";"goodsmile";"Автотовары/Автоаксессуары и принадлежности/Интерьер автомобиля/Оплетки и ручки на руль";"FBO";31;85;"4,92";536;498;618;"550";516;4;2200;"73,3333";"2200";"0";"0";30;4;"0,1333";"https://cdn1.ozone.ru/s3/multimedia-v/6610551223.jpg";"https://www.ozon.ru/context/detail/id/919339138";"0,1333";0;1300;518;0;0;0;0;0;0;0;0;1;0;0;0;0;0;0;0;0;0;0;0;1;0;0;0;1;1;0;0;0;0;0;0;0;0;0;0;0;0;608;0;0;0;0;0;0;0;0;0;0;0;518;0;0;0;537;537;0;0;0;0;520;521;518;518;518;518;618;616;608;498;510;510;510;510;510;510;510;511;511;511;518;544;545;545;537;537;537;537;536;536;87;77;71;82;73;45;69;58;66;81;67;75;73;71;51;51;53;57;55;50;43;55;56;62;56;50;50;43;52;34;36;36;36;36;36;36;36;35;34;34;34;34;34;34;34;34;34;34;34;34;33;33;33;33;32;31;31;31;31;31
919331883;"Оплётка на руль, чехол на руль автомобиля, чехол для рычага переключения передач";"Good Smile";"goodsmile";"Автотовары/Автоаксессуары и принадлежности/Интерьер автомобиля/Оплетки и ручки на руль";"FBO";32;85;"4,92";509;482;618;"502,3333";490;6;3014;"100,4667";"3014";"0";"0";30;4;"0,2";"https://cdn1.ozone.ru/s3/multimedia-b/6610557107.jpg";"https://www.ozon.ru/context/detail/id/919331883";"0,2";0;1300;517;0;0;0;0;0;1;0;0;0;0;0;0;0;0;0;0;0;0;0;0;1;0;0;0;1;0;0;3;0;0;0;0;0;0;0;492;0;0;0;0;0;0;0;0;0;0;0;0;0;0;482;0;0;0;510;0;0;1530;0;0;492;492;492;492;492;492;618;616;608;608;612;612;612;602;598;598;598;599;599;599;482;516;517;517;510;510;510;510;509;509;56;53;46;42;44;31;52;47;42;44;33;38;32;35;33;30;31;29;30;32;22;26;46;57;53;57;52;51;56;35;8;8;8;8;8;7;7;7;7;7;7;7;7;7;7;7;7;7;7;7;6;36;36;36;35;35;35;32;32;32
466803698;"Оплётка на руль, чехол на руль автомобиля, чехол для рычага переключения передач";"Good Smile";"goodsmile";"Автотовары/Автоаксессуары и принадлежности/Интерьер автомобиля/Оплетки и ручки на руль";"FBO";22;85;"4,92";619;614;700;"700";596;9;6300;"210";"6300";"0";"0";30;7;"0,3";"https://cdn1.ozone.ru/s3/multimedia-t/6229622501.jpg";"https://www.ozon.ru/context/detail/id/466803698";"0,3";0;1300;700;2;1;0;0;0;0;2;1;1;0;0;0;0;0;0;0;0;0;0;0;1;1;0;0;0;0;0;0;0;0;1400;700;0;0;0;0;1400;700;700;0;0;0;0;0;0;0;0;0;0;0;700;700;0;0;0;0;0;0;0;0;700;700;700;700;700;700;700;700;700;700;700;700;700;700;700;700;700;700;700;700;700;700;700;700;700;700;700;614;620;619;60;63;74;68;59;33;67;37;58;75;68;72;65;56;42;42;38;39;38;34;20;31;33;31;33;32;28;25;29;24;28;28;28;28;28;28;26;25;24;24;24;24;24;24;24;24;24;24;24;24;23;22;22;22;22;22;22;22;22;22
708470113;"Оплётка на руль, кожа PU, узор, размер 38-40см, черный";"365DAY";"DENI";"Автотовары/Автоаксессуары и принадлежности/Интерьер автомобиля/Оплетки и ручки на руль";"FBO";0;1;"4";3500;3500;3500;"nan";3500;0;0;"0";"0";"0";"0";0;0;"nan";"https://cdn1.ozone.ru/s3/multimedia-a/6405520534.jpg";"https://www.ozon.ru/context/detail/id/708470113";"0";0;3500;3500;0;0;0;0;0;0;0;0;0;0;0;0;0;0;0;0;0;0;0;0;0;0;0;0;0;0;0;0;0;0;0;0;0;0;0;0;0;0;0;0;0;0;0;0;0;0;0;0;0;0;0;0;0;0;0;0;0;0;0;0;3500;3500;3500;3500;3500;3500;3500;3500;3500;3500;3500;3500;3500;3500;3500;3500;3500;3500;3500;3500;3500;3500;3500;3500;3500;3500;3500;3500;3500;3500;0;0;0;0;0;0;0;0;0;0;0;0;0;0;0;0;0;0;0;0;0;0;0;0;0;0;0;0;0;0;0;0;0;0;0;0;0;0;0;0;0;0;0;0;0;0;0;0;0;0;0;0;0;0;0;0;0;0;0;0
177657262;"Оплётка на руль, Велюр, 38 см, чёрно-синий (M)";"TORSO";"Фабрика счастья";"Автотовары/Автоаксессуары и принадлежности/Интерьер автомобиля/Оплетки и ручки на руль";"FBO";4;14;"4,79";461;461;490;"462";443;1;462;"15,4";"462";"0";"0";30;1;"0,0333";"https://cdn1.ozone.ru/s3/multimedia-0/6016664148.jpg";"https://www.ozon.ru/context/detail/id/177657262";"0,0333";0;609;480;0;0;0;0;0;0;0;0;0;0;0;0;0;0;0;0;0;0;0;0;0;0;0;0;1;0;0;0;0;0;0;0;0;0;0;0;0;0;0;0;0;0;0;0;0;0;0;0;0;0;0;0;0;0;462;0;0;0;0;0;480;480;480;480;480;480;469;469;469;469;480;480;480;481;481;481;481;482;482;482;490;471;471;472;462;462;462;462;461;461;1;4;5;3;2;1;2;3;1;1;1;1;1;2;1;1;2;1;1;2;3;2;5;6;5;6;5;4;7;6;3;3;3;3;3;3;3;3;3;3;3;3;3;3;3;3;3;3;3;3;3;3;5;5;4;4;4;4;4;4
177657263;"Оплётка на руль, Анатомическая, 38 см, чёрный (M)";"TORSO";"Фабрика счастья";"Автотовары/Автоаксессуары и принадлежности/Интерьер автомобиля/Оплетки и ручки на руль";"FBO";4;16;"4,69";494;493;694;"nan";475;0;0;"0";"0";"0";"0";26;0;"0";"https://cdn1.ozone.ru/s3/multimedia-5/6016664117.jpg";"https://www.ozon.ru/context/detail/id/177657263";"0";0;695;609;0;0;0;0;0;0;0;0;0;0;0;0;0;0;0;0;0;0;0;0;0;0;0;0;0;0;0;0;0;0;0;0;0;0;0;0;0;0;0;0;0;0;0;0;0;0;0;0;0;0;0;0;0;0;0;0;0;0;0;0;694;694;694;694;694;694;595;596;596;598;611;611;611;609;609;609;610;609;609;609;621;502;504;505;493;493;493;493;493;494;0;0;0;0;0;0;0;0;0;0;0;0;0;0;0;0;0;0;0;0;0;0;0;0;1;1;0;0;0;0;0;0;0;0;1;2;2;4;4;4;4;4;4;4;4;4;4;4;4;4;4;4;4;4;4;4;4;4;4;4
177657222;"Оплётка на руль, Анатомическая, 38 см, чёрно-синий (M)";"TORSO";"Фабрика счастья";"Автотовары/Автоаксессуары и принадлежности/Интерьер автомобиля/Оплетки и ручки на руль";"FBO";32;32;"4,59";432;419;505;"440,0909";415;11;4841;"161,3667";"4841";"0";"0";30;9;"0,3667";"https://cdn1.ozone.ru/s3/multimedia-8/6016664120.jpg";"https://www.ozon.ru/context/detail/id/177657222";"0,3667";0;646;434;0;0;1;0;0;0;0;0;1;0;0;0;0;0;0;0;0;0;1;2;1;0;0;1;0;0;1;2;1;0;0;0;504;0;0;0;0;0;419;0;0;0;0;0;0;0;0;0;434;868;442;0;0;443;0;0;433;866;432;0;504;504;504;505;505;505;494;448;419;420;433;433;433;433;435;434;434;434;434;434;442;442;442;443;433;433;433;433;432;432;17;25;25;10;19;14;22;21;22;25;20;28;19;2;23;17;6;2;3;14;36;41;33;7;6;26;47;47;42;44;18;21;20;20;25;26;26;40;39;39;39;39;39;39;39;39;39;39;38;36;35;35;36;35;35;35;35;33;32;32
842339523;"Оплётка на руль универсальная Драйв, чехол для руля, оплетка руля 38 см, чёрно - красная";"";"Vktrace";"Автотовары/Автоаксессуары и принадлежности/Интерьер автомобиля/Оплетки и ручки на руль";"FBO";31;135;"4,9";1340;1231;1340;"1286,4";1289;10;12864;"428,8";"24120";"11256";"46,67";16;6;"0,625";"https://cdn1.ozone.ru/s3/multimedia-4/6628245304.jpg";"https://www.ozon.ru/context/detail/id/842339523";"0,3333";0;2196;1299;0;0;0;0;0;0;0;0;0;0;0;0;0;0;0;2;0;0;0;0;0;0;0;3;2;1;0;1;0;1;0;0;0;0;0;0;0;0;0;0;0;0;0;0;0;2588;0;0;0;0;0;0;0;3858;2526;1263;0;1289;0;1340;1274;1322;1304;1299;1299;1299;1294;1231;1289;1318;1334;1334;1334;1312;1285;1294;1328;1328;1328;1328;1312;1284;1284;1286;1263;1263;1263;1289;1298;1340;0;0;13;0;0;0;0;0;0;0;0;0;0;31;56;55;54;55;52;47;35;56;56;54;55;55;63;59;67;62;0;0;0;0;0;0;0;0;0;0;0;0;0;0;40;38;38;39;39;39;39;39;39;36;34;33;33;32;32;31
842339024;"Оплётка на руль универсальная Драйв, чехол для руля, оплетка руля 38 см, чёрная";"";"Vktrace";"Автотовары/Автоаксессуары и принадлежности/Интерьер автомобиля/Оплетки и ручки на руль";"FBO";16;134;"4,9";1261;1186;1684;"1242,1333";1212;15;18632;"621,0667";"31053,3333";"12421,34";"40,01";18;8;"0,7778";"https://cdn1.ozone.ru/s3/multimedia-s/6624144712.jpg";"https://www.ozon.ru/context/detail/id/842339024";"0,5";0;2196;1234;0;0;0;0;0;0;0;0;0;0;0;1;0;0;0;0;1;0;2;1;0;0;4;0;1;0;3;2;0;0;0;0;0;0;0;0;0;0;0;0;0;1684;0;0;0;0;1208;0;2498;1234;0;0;4832;0;1188;0;3564;2424;0;0;1198;1243;1236;1236;1236;1236;1218;1204;1213;1239;1255;1684;1684;1616;1186;1217;1208;1249;1249;1234;1234;1207;1208;1210;1188;1188;1188;1212;1261;1261;0;0;0;0;0;0;0;0;24;31;22;0;0;28;65;64;54;50;57;49;43;59;55;57;61;61;66;68;80;67;0;0;0;0;0;0;0;0;0;1;1;0;0;0;30;30;29;29;27;26;26;26;22;22;21;21;18;16;16;16
842339815;"Оплётка на руль универсальная Драйв, чехол для руля, оплетка руля 38 см, синяя";"";"Vktrace";"Автотовары/Автоаксессуары и принадлежности/Интерьер автомобиля/Оплетки и ручки на руль";"FBO";71;135;"4,9";1278;1204;1393;"1287,375";1229;40;51495;"1716,5";"51495";"0";"0";30;20;"1,3333";"https://cdn1.ozone.ru/s3/multimedia-y/6628245406.jpg";"https://www.ozon.ru/context/detail/id/842339815";"1,3333";0;2196;1270.5;3;2;1;1;0;1;2;1;0;0;3;1;0;0;4;3;0;0;0;1;2;3;4;3;2;0;0;1;1;1;3771;2526;1256;1256;0;1256;2670;1351;0;0;4146;1382;0;0;5548;4131;0;0;0;1366;2420;3675;4908;3681;2408;0;0;1229;1237;1278;1257;1263;1256;1256;1256;1256;1335;1351;1351;1356;1382;1382;1382;1393;1387;1377;1366;1366;1366;1366;1210;1225;1227;1227;1204;1204;1204;1229;1237;1278;51;55;48;58;52;23;54;64;79;94;76;95;83;75;82;75;66;68;70;58;50;68;77;81;82;73;73;61;71;63;26;24;23;22;22;21;19;17;17;17;14;13;13;13;89;86;87;87;87;86;84;81;79;76;74;74;74;73;72;71
842354998;"Оплётка на руль универсальная Драйв, чехол для руля, оплетка руля 38 см, серебро-хамелеон";"";"Vktrace";"Автотовары/Автоаксессуары и принадлежности/Интерьер автомобиля/Оплетки и ручки на руль";"FBO";45;136;"4,9";1221;1148;1663;"1281,5";1173;10;12815;"427,1667";"22614,7059";"9799,71";"43,34";17;7;"0,4706";"https://cdn1.ozone.ru/s3/multimedia-t/6624143741.jpg";"https://www.ozon.ru/context/detail/id/842354998";"0,3333";0;2196;1194;0;0;0;0;0;0;0;0;0;2;0;0;0;0;0;2;1;0;2;0;0;0;0;0;0;1;0;1;1;0;0;0;0;0;0;0;0;0;0;3326;0;0;0;0;0;2356;1209;0;2418;0;0;0;0;0;0;1150;0;1174;1182;0;1160;1202;1195;1195;1195;1195;1179;1166;1174;1663;1620;1620;1620;1616;1148;1178;1209;1209;1209;1194;1194;1169;1169;1171;1150;1150;1150;1174;1182;1221;0;0;0;0;0;0;0;26;13;0;0;0;0;32;68;68;69;54;50;51;46;64;83;61;59;49;44;40;50;47;0;0;0;0;0;0;0;0;2;0;0;0;0;0;50;48;48;49;47;47;47;47;47;47;47;46;47;46;45;45
842321614;"Оплётка на руль универсальная Драйв, чехол для руля, оплетка руля 38 см, красная";"";"Vktrace";"Автотовары/Автоаксессуары и принадлежности/Интерьер автомобиля/Оплетки и ручки на руль";"FBO";37;136;"4,9";1340;1246;1620;"1279,0714";1289;14;17907;"596,9";"31600,5882";"13693,59";"43,34";17;10;"0,7647";"https://cdn1.ozone.ru/s3/multimedia-2/6624151598.jpg";"https://www.ozon.ru/context/detail/id/842321614";"0,4667";0;2196;1294;0;0;0;0;0;0;1;0;0;0;0;0;0;0;0;1;2;1;0;0;0;0;2;3;1;1;0;1;1;0;0;0;0;0;0;0;1294;0;0;0;0;0;0;0;0;1294;2492;1288;0;0;0;0;2568;3858;1263;1263;0;1289;1298;0;1274;1322;1304;1299;1299;1299;1294;1616;1554;1569;1620;1620;1620;1616;1261;1294;1246;1288;1288;1288;1266;1284;1284;1286;1263;1263;1263;1289;1298;1340;0;0;0;0;14;26;0;0;0;0;0;0;0;32;66;65;64;62;57;45;36;47;57;63;64;64;65;60;69;59;0;0;0;0;0;1;0;0;0;0;0;0;0;0;49;48;46;46;46;46;46;46;44;41;40;39;39;38;37;37
842106752;"Оплётка на руль универсальная Драйв, чехол для руля, оплетка руля 38 см, зелёная";"";"Vktrace";"Автотовары/Автоаксессуары и принадлежности/Интерьер автомобиля/Оплетки и ручки на руль";"FBO";16;136;"4,9";1350;1272;1470;"1331,75";1298;4;5327;"177,5667";"5327";"0";"0";30;4;"0,1333";"https://cdn1.ozone.ru/s3/multimedia-e/6624145166.jpg";"https://www.ozon.ru/context/detail/id/842106752";"0,1333";0;2196;1350.5;0;0;0;0;0;0;0;0;0;0;0;0;1;0;0;0;0;0;0;0;0;1;0;0;0;1;0;0;1;0;0;0;0;0;0;0;0;0;0;0;0;0;1459;0;0;0;0;0;0;0;0;1289;0;0;0;1272;0;0;1307;0;1347;1353;1360;1345;1345;1345;1335;1324;1351;1431;1459;1459;1459;1470;1390;1381;1373;1369;1369;1398;1373;1289;1293;1295;1272;1272;1272;1298;1307;1350;22;17;14;15;16;5;21;12;16;23;15;16;15;22;26;23;21;16;12;8;10;12;22;22;19;16;11;12;27;17;20;20;20;20;20;20;20;20;20;20;20;20;19;19;19;19;19;19;19;19;19;18;18;18;18;17;17;17;16;16
987701754;"Оплётка на руль кожаная с нулевой отметкой и синими вставками";"Rudder";"Rudder";"Автотовары/Автоаксессуары и принадлежности/Интерьер автомобиля/Оплетки и ручки на руль";"FBO";6;15;"4,93";1469;1402;1556;"1442,75";1415;4;5771;"192,3667";"5771";"0";"0";30;4;"0,1333";"https://cdn1.ozone.ru/s3/multimedia-8/6655636052.jpg";"https://www.ozon.ru/context/detail/id/987701754";"0,1333";684;3490;1475;0;0;1;1;0;1;1;0;0;0;0;0;0;0;0;0;0;0;0;0;0;0;0;0;0;0;0;0;0;0;0;0;1438;1423;0;1423;1487;0;0;0;0;0;0;0;0;0;0;0;0;0;0;0;0;0;0;0;0;0;0;0;1425;1432;1438;1423;1423;1423;1487;1475;1475;1489;1538;1538;1538;1534;1511;1495;1471;1479;1479;1479;1556;1402;1468;1464;1436;1436;1436;1481;1481;1469;4;4;5;3;5;3;5;6;5;2;7;6;5;6;5;5;7;5;3;5;2;6;8;8;8;5;5;5;3;5;7;9;8;7;7;6;5;5;6;6;6;6;6;6;6;6;6;6;6;6;6;6;6;6;6;6;6;6;6;6
987398365;"Оплётка на руль кожаная с нулевой отметкой и серыми вставками";"Rudder";"Rudder";"Автотовары/Автоаксессуары и принадлежности/Интерьер автомобиля/Оплетки и ручки на руль";"FBO";0;15;"4,93";1479;1402;1559;"1492,1111";1426;9;13429;"447,6333";"16114,8";"2685,8";"16,67";25;7;"0,28";"https://cdn1.ozone.ru/s3/multimedia-7/6655401619.jpg";"https://www.ozon.ru/context/detail/id/987398365";"0,3";0;3490;1479;0;0;0;0;0;1;1;0;0;0;0;0;0;0;2;0;0;1;0;0;0;0;0;1;1;2;0;0;0;0;0;0;0;0;0;1423;1487;0;0;0;0;0;0;0;3022;0;0;1479;0;0;0;0;0;1464;1436;3118;0;0;0;0;1425;1432;1438;1423;1423;1423;1487;1475;1475;1489;1538;1538;1538;1534;1511;1495;1471;1479;1479;1479;1556;1402;1468;1464;1436;1559;1559;1520;1523;1479;3;3;4;4;5;3;3;4;3;4;6;5;5;4;1;3;6;4;3;3;5;4;4;9;10;0;0;0;0;0;6;8;8;8;8;7;6;6;6;7;7;7;7;7;5;5;5;4;4;4;4;4;4;3;2;0;0;0;0;0
987451483;"Оплётка на руль кожаная с нулевой отметкой и красными вставками";"Rudder";"Rudder";"Автотовары/Автоаксессуары и принадлежности/Интерьер автомобиля/Оплетки и ручки на руль";"FBO";6;15;"4,93";1469;1359;1481;"1425";1415;7;9975;"332,5";"9975";"0";"0";30;6;"0,2333";"https://cdn1.ozone.ru/s3/multimedia-w/6655445348.jpg";"https://www.ozon.ru/context/detail/id/987451483";"0,2333";163;3490;1423;0;0;0;1;0;0;0;0;0;0;0;0;1;0;0;0;0;1;1;1;0;0;0;2;0;0;0;0;0;0;0;0;0;1423;0;0;0;0;0;0;0;0;1418;0;0;0;0;1402;1402;1402;0;0;0;2928;0;0;0;0;0;0;1425;1432;1438;1423;1423;1423;1370;1359;1387;1392;1418;1418;1418;1430;1423;1413;1405;1402;1402;1402;1451;1436;1468;1464;1436;1436;1436;1481;1481;1469;5;5;7;6;7;5;10;6;5;6;7;7;4;5;5;6;8;4;6;6;10;10;10;11;15;13;14;11;9;11;7;9;9;8;8;8;8;8;10;10;10;11;10;11;11;11;11;10;9;8;8;8;8;6;6;6;6;6;6;6
842248138;"Оплётка на руль женская со стразами Королева, диаметр 38 см, чёрная";"";"Vktrace";"Автотовары/Автоаксессуары и принадлежности/Интерьер автомобиля/Оплетки и ручки на руль";"FBO";15;7;"5";1013;699;1013;"991";975;1;991;"33,0333";"991";"0";"0";30;1;"0,0333";"https://cdn1.ozone.ru/s3/multimedia-p/6549267469.jpg";"https://www.ozon.ru/context/detail/id/842248138";"0,0333";0;1849;957;0;1;0;0;0;0;0;0;0;0;0;0;0;0;0;0;0;0;0;0;0;0;0;0;0;0;0;0;0;0;0;991;0;0;0;0;0;0;0;0;0;0;0;0;0;0;0;0;0;0;0;0;0;0;0;0;0;0;0;0;992;991;991;991;991;991;1006;951;699;699;712;712;712;953;957;954;956;957;957;957;940;974;974;988;947;947;947;961;962;1013;15;11;13;21;16;10;13;17;19;17;17;18;18;19;21;21;22;19;18;20;18;28;23;24;22;21;21;18;25;23;16;15;15;15;15;15;15;15;15;15;15;15;15;15;15;15;15;15;15;15;15;15;15;15;15;15;15;15;15;15
842110109;"Оплётка на руль женская со стразами Королева, диаметр 38 см, красная";"";"Vktrace";"Автотовары/Автоаксессуары и принадлежности/Интерьер автомобиля/Оплетки и ручки на руль";"FBO";8;7;"5";981;688;1006;"917";944;1;917;"30,5667";"917";"0";"0";30;1;"0,0333";"https://cdn1.ozone.ru/s3/multimedia-6/6549269970.jpg";"https://www.ozon.ru/context/detail/id/842110109";"0,0333";0;1849;929.5;0;0;0;0;0;0;0;0;0;0;0;0;0;0;0;0;0;0;0;0;0;0;0;0;0;0;1;0;0;0;0;0;0;0;0;0;0;0;0;0;0;0;0;0;0;0;0;0;0;0;0;0;0;0;0;0;917;0;0;0;992;991;991;991;991;991;1006;921;688;693;698;698;698;948;928;925;927;928;928;928;959;943;944;957;917;917;917;931;932;981;15;11;11;16;13;6;8;13;11;11;11;9;14;16;17;13;16;19;18;20;17;22;19;19;22;20;17;17;20;17;9;9;9;9;9;9;9;9;9;9;9;9;9;9;9;9;9;9;9;9;9;9;9;9;9;9;8;8;8;8
842109458;"Оплётка на руль женская со стразами Королева, диаметр 38 см, бежевая";"";"Vktrace";"Автотовары/Автоаксессуары и принадлежности/Интерьер автомобиля/Оплетки и ручки на руль";"FBO";11;7;"5";1013;947;1021;"957";975;1;957;"31,9";"957";"0";"0";30;1;"0,0333";"https://cdn1.ozone.ru/s3/multimedia-j/6549268687.jpg";"https://www.ozon.ru/context/detail/id/842109458";"0,0333";0;1849;966.5;0;0;0;0;0;0;0;0;0;0;0;0;0;0;0;0;0;0;0;1;0;0;0;0;0;0;0;0;0;0;0;0;0;0;0;0;0;0;0;0;0;0;0;0;0;0;0;0;0;957;0;0;0;0;0;0;0;0;0;0;992;1021;1021;1021;1021;1021;1006;951;954;964;973;973;973;969;957;954;956;957;957;957;954;974;974;988;947;947;947;961;962;1013;25;22;22;21;23;14;15;23;25;26;26;28;27;23;24;21;22;19;17;17;20;24;25;23;22;20;19;19;22;17;13;13;13;13;13;13;13;12;12;12;12;12;12;12;12;12;12;12;12;11;11;11;11;11;11;11;11;11;11;11
177448621;"Оплётка на руль для грузовых автомобилей SCANIA, 46-48 см, экокожа";"AT";"АвтоТрейд";"Автотовары/Автоаксессуары и принадлежности/Интерьер автомобиля/Принадлежности для гигиены";"FBO";0;25;"4,64";669;629;669;"nan";656;0;0;"0";"0";"0";"0";0;0;"nan";"https://cdn1.ozone.ru/s3/multimedia-b/6082506863.jpg";"https://www.ozon.ru/context/detail/id/177448621";"0";0;956;649;0;0;0;0;0;0;0;0;0;0;0;0;0;0;0;0;0;0;0;0;0;0;0;0;0;0;0;0;0;0;0;0;0;0;0;0;0;0;0;0;0;0;0;0;0;0;0;0;0;0;0;0;0;0;0;0;0;0;0;0;629;629;629;629;629;629;629;629;629;629;629;629;629;629;629;669;669;669;669;669;669;669;669;669;669;669;669;669;669;669;0;0;0;0;0;0;0;0;0;0;0;0;0;0;0;0;0;0;0;0;0;0;0;0;0;0;0;0;0;0;0;0;0;0;0;0;0;0;0;0;0;0;0;0;0;0;0;0;0;0;0;0;0;0;0;0;0;0;0;0
177448194;"Оплётка на руль для грузовых автомобилей SCANIA, 46-48 см, экокожа";"AT";"АвтоТрейд";"Автотовары/Автоаксессуары и принадлежности/Интерьер автомобиля/Оплетки и ручки на руль";"FBO";0;13;"4,92";1109;1109;1109;"nan";1109;0;0;"0";"0";"0";"0";0;0;"nan";"https://cdn1.ozone.ru/s3/multimedia-3/6011009523.jpg";"https://www.ozon.ru/context/detail/id/177448194";"0";0;1707;1109;0;0;0;0;0;0;0;0;0;0;0;0;0;0;0;0;0;0;0;0;0;0;0;0;0;0;0;0;0;0;0;0;0;0;0;0;0;0;0;0;0;0;0;0;0;0;0;0;0;0;0;0;0;0;0;0;0;0;0;0;1109;1109;1109;1109;1109;1109;1109;1109;1109;1109;1109;1109;1109;1109;1109;1109;1109;1109;1109;1109;1109;1109;1109;1109;1109;1109;1109;1109;1109;1109;0;0;0;0;0;0;0;0;0;0;0;0;0;0;0;0;0;0;0;0;0;0;0;0;0;0;0;0;0;0;0;0;0;0;0;0;0;0;0;0;0;0;0;0;0;0;0;0;0;0;0;0;0;0;0;0;0;0;0;0
177448193;"Оплётка на руль для грузовых автомобилей DAF, MAN, Mercedes, Volvo, Iveco, Renault, 44-46 см, экокожа";"AT";"АвтоТрейд";"Автотовары/Автоаксессуары и принадлежности/Интерьер автомобиля/Оплетки и ручки на руль";"FBO";0;50;"4,32";629;589;629;"nan";616;0;0;"0";"0";"0";"0";0;0;"nan";"https://cdn1.ozone.ru/s3/multimedia-l/6082506837.jpg";"https://www.ozon.ru/context/detail/id/177448193";"0";0;899;609;0;0;0;0;0;0;0;0;0;0;0;0;0;0;0;0;0;0;0;0;0;0;0;0;0;0;0;0;0;0;0;0;0;0;0;0;0;0;0;0;0;0;0;0;0;0;0;0;0;0;0;0;0;0;0;0;0;0;0;0;589;589;589;589;589;589;589;589;589;589;589;589;589;589;589;629;629;629;629;629;629;629;629;629;629;629;629;629;629;629;0;0;0;0;0;0;0;0;0;0;0;0;0;0;0;0;0;0;0;0;0;0;0;0;0;0;0;0;0;0;0;0;0;0;0;0;0;0;0;0;0;0;0;0;0;0;0;0;0;0;0;0;0;0;0;0;0;0;0;0
941536352;"Оплётка на руль автомобиля Autoboost, размер М 37-39 см кожа черная гладкая, шнуровка черная";"Autoboost";"Autoboost";"Автотовары/Автоаксессуары и принадлежности/Интерьер автомобиля/Оплетки и ручки на руль";"FBO";37;156;"4,77";600;574;613;"592,5918";578;49;29037;"967,9";"33504,2308";"4467,24";"13,34";26;24;"1,7692";"https://cdn1.ozone.ru/s3/multimedia-8/6625719764.jpg";"https://www.ozon.ru/context/detail/id/941536352";"1,6333";0;1200;592;1;1;2;1;1;2;2;3;1;0;0;3;3;2;1;1;1;2;3;4;3;0;0;0;0;4;3;2;1;2;581;589;1174;592;592;1184;1162;1767;589;0;0;1839;1770;1166;583;584;574;1148;1722;2336;1818;0;0;0;0;2424;1818;1216;609;1200;581;589;587;592;592;592;581;589;589;597;613;613;590;583;583;584;574;574;574;584;606;607;607;607;606;606;606;608;609;600;43;54;47;40;49;28;61;62;64;53;43;45;54;51;56;52;41;41;38;33;8;0;0;35;51;67;76;65;76;80;36;35;33;32;31;29;27;24;23;23;23;20;17;15;14;13;12;10;7;3;0;0;0;0;7;19;26;40;39;37
896910491;"Оплётка на руль автомобиля Autoboost, размер М 37-39 см кожа черная гладкая, шнуровка красная";"Autoboost";"Autoboost";"Автотовары/Автоаксессуары и принадлежности/Интерьер автомобиля/Оплетки и ручки на руль";"FBO";50;156;"4,77";600;574;613;"592,7692";578;39;23118;"770,6";"23118";"0";"0";30;19;"1,3";"https://cdn1.ozone.ru/s3/multimedia-i/6625702242.jpg";"https://www.ozon.ru/context/detail/id/896910491";"1,3";0;1200;592;0;1;1;2;1;0;0;0;0;2;1;0;1;2;0;0;4;5;1;1;2;6;3;1;0;0;1;1;0;3;0;589;587;1184;592;0;0;0;0;1194;613;0;613;1180;0;0;2296;2870;574;574;1168;3642;1821;607;0;0;606;608;0;1800;581;589;587;592;592;592;581;580;589;597;613;613;613;590;583;584;574;574;574;574;584;607;607;607;606;606;606;608;609;600;26;27;28;31;31;15;35;32;59;56;48;47;63;60;64;64;65;48;55;56;48;70;107;77;76;69;68;69;64;59;68;67;66;64;63;63;63;62;62;60;59;59;58;56;56;56;52;49;48;47;45;39;36;40;40;45;49;53;53;50
941536701;"Оплётка на руль автомобиля Autoboost, размер М 37,38,39 см кожа черная перфорированная, шнуровка черная";"Autoboost";"Autoboost";"Автотовары/Автоаксессуары и принадлежности/Интерьер автомобиля/Оплетки и ручки на руль";"FBO";35;156;"4,77";600;574;613;"597,381";578;21;12545;"418,1667";"12545";"0";"0";30;13;"0,7";"https://cdn1.ozone.ru/s3/multimedia-b/6625721711.jpg";"https://www.ozon.ru/context/detail/id/941536701";"0,7";0;1200;592;2;1;0;0;0;1;0;0;1;0;1;0;0;0;2;1;0;0;0;1;0;0;1;4;4;0;0;1;1;0;1162;589;0;0;0;592;0;0;589;0;613;0;0;0;1166;584;0;0;0;574;0;0;607;2428;2424;0;0;608;609;0;581;589;587;592;592;592;581;580;589;597;613;613;613;590;583;584;574;574;574;574;584;606;607;607;606;606;606;608;609;600;25;31;34;34;31;14;36;36;71;77;50;61;72;71;86;64;59;62;52;54;63;58;130;99;87;91;94;83;66;43;19;18;18;18;18;17;17;17;16;16;15;15;15;15;13;13;13;13;13;13;13;13;12;8;10;30;30;36;35;35
711541590;"Оплётка на руль автомобиля / чехол для руля автомобиля со шнуровкой / черная с черной нитью / Размер М 37,38,39 см";"Тапир";"Тапир";"Автотовары/Автоаксессуары и принадлежности/Интерьер автомобиля/Оплетки и ручки на руль";"FBO";0;6;"4,33";850;850;850;"nan";850;0;0;"0";"0";"0";"0";0;0;"nan";"https://cdn1.ozone.ru/s3/multimedia-0/6415842300.jpg";"https://www.ozon.ru/context/detail/id/711541590";"0";0;1990;850;0;0;0;0;0;0;0;0;0;0;0;0;0;0;0;0;0;0;0;0;0;0;0;0;0;0;0;0;0;0;0;0;0;0;0;0;0;0;0;0;0;0;0;0;0;0;0;0;0;0;0;0;0;0;0;0;0;0;0;0;850;850;850;850;850;850;850;850;850;850;850;850;850;850;850;850;850;850;850;850;850;850;850;850;850;850;850;850;850;850;0;0;0;0;0;0;0;0;0;0;0;0;0;0;0;0;0;0;0;0;0;0;0;0;0;0;0;0;0;0;0;0;0;0;0;0;0;0;0;0;0;0;0;0;0;0;0;0;0;0;0;0;0;0;0;0;0;0;0;0
710651362;"Оплётка на руль автомобиля / чехол для руля автомобиля со шнуровкой / черная с черной нитью / 37,38,39 см";"LION AUTO";"LION AUTO";"Автотовары/Автоаксессуары и принадлежности/Интерьер автомобиля/Оплетки и ручки на руль";"FBO";0;8;"4,38";850;850;850;"nan";850;0;0;"0";"0";"0";"0";0;0;"nan";"https://cdn1.ozone.ru/s3/multimedia-0/6415842300.jpg";"https://www.ozon.ru/context/detail/id/710651362";"0";0;1990;850;0;0;0;0;0;0;0;0;0;0;0;0;0;0;0;0;0;0;0;0;0;0;0;0;0;0;0;0;0;0;0;0;0;0;0;0;0;0;0;0;0;0;0;0;0;0;0;0;0;0;0;0;0;0;0;0;0;0;0;0;850;850;850;850;850;850;850;850;850;850;850;850;850;850;850;850;850;850;850;850;850;850;850;850;850;850;850;850;850;850;0;0;0;0;0;0;0;0;0;0;0;0;0;0;0;0;0;0;0;0;0;0;0;0;0;0;0;0;0;0;0;0;0;0;0;0;0;0;0;0;0;0;0;0;0;0;0;0;0;0;0;0;0;0;0;0;0;0;0;0
711576425;"Оплётка на руль автомобиля / чехол для руля автомобиля со шнуровкой / черная с синей нитью / 37,38,39 см";"Тапир";"Тапир";"Автотовары/Автоаксессуары и принадлежности/Интерьер автомобиля/Оплетки и ручки на руль";"FBO";1;6;"4,33";613;587;644;"nan";589;0;0;"0";"0";"0";"0";30;0;"0";"https://cdn1.ozone.ru/s3/multimedia-r/6415844595.jpg";"https://www.ozon.ru/context/detail/id/711576425";"0";0;1990;617.5;0;0;0;0;0;0;0;0;0;0;0;0;0;0;0;0;0;0;0;0;0;0;0;0;0;0;0;0;0;0;0;0;0;0;0;0;0;0;0;0;0;0;0;0;0;0;0;0;0;0;0;0;0;0;0;0;0;0;0;0;588;588;587;587;587;587;613;612;612;622;635;635;635;634;635;635;635;635;635;635;644;625;625;625;613;613;613;613;613;613;1;1;0;1;1;1;1;2;1;1;1;2;1;3;4;2;3;1;2;2;0;2;3;3;3;2;1;1;3;2;1;1;1;1;1;1;1;1;1;1;1;1;1;1;1;1;1;1;1;1;1;1;1;1;1;1;1;1;1;1
710670541;"Оплётка на руль автомобиля / чехол для руля автомобиля со шнуровкой / черная с синей нитью / 37,38,39 см";"LION AUTO";"LION AUTO";"Автотовары/Автоаксессуары и принадлежности/Интерьер автомобиля/Оплетки и ручки на руль";"FBO";0;8;"4,38";850;850;850;"nan";850;0;0;"0";"0";"0";"0";0;0;"nan";"https://cdn1.ozone.ru/s3/multimedia-r/6415844595.jpg";"https://www.ozon.ru/context/detail/id/710670541";"0";0;1990;850;0;0;0;0;0;0;0;0;0;0;0;0;0;0;0;0;0;0;0;0;0;0;0;0;0;0;0;0;0;0;0;0;0;0;0;0;0;0;0;0;0;0;0;0;0;0;0;0;0;0;0;0;0;0;0;0;0;0;0;0;850;850;850;850;850;850;850;850;850;850;850;850;850;850;850;850;850;850;850;850;850;850;850;850;850;850;850;850;850;850;0;0;0;0;0;0;0;0;0;0;0;0;0;0;0;0;0;0;0;0;0;0;0;0;0;0;0;0;0;0;0;0;0;0;0;0;0;0;0;0;0;0;0;0;0;0;0;0;0;0;0;0;0;0;0;0;0;0;0;0
711575249;"Оплётка на руль автомобиля / чехол для руля автомобиля со шнуровкой / черная с серой нитью / 37,38,39 см";"Тапир";"Тапир";"Автотовары/Автоаксессуары и принадлежности/Интерьер автомобиля/Оплетки и ручки на руль";"FBO";0;6;"4,33";613;588;644;"627";589;1;627;"20,9";"9405";"8778";"93,34";2;1;"0";"https://cdn1.ozone.ru/s3/multimedia-j/6415844011.jpg";"https://www.ozon.ru/context/detail/id/711575249";"0,0333";0;1990;626;0;0;1;0;0;0;0;0;0;0;0;0;0;0;0;0;0;0;0;0;0;0;0;0;0;0;0;0;0;0;0;0;627;0;0;0;0;0;0;0;0;0;0;0;0;0;0;0;0;0;0;0;0;0;0;0;0;0;0;0;588;588;627;629;629;629;615;616;612;622;635;635;635;634;635;635;635;635;635;635;644;625;625;625;613;613;613;613;613;613;5;2;0;0;0;0;0;0;0;0;0;0;0;0;0;0;0;0;0;0;0;0;0;0;0;0;0;0;0;0;1;1;0;0;0;0;0;0;0;0;0;0;0;0;0;0;0;0;0;0;0;0;0;0;0;0;0;0;0;0
710666244;"Оплётка на руль автомобиля / чехол для руля автомобиля со шнуровкой / черная с серой нитью / 37,38,39 см";"LION AUTO";"LION AUTO";"Автотовары/Автоаксессуары и принадлежности/Интерьер автомобиля/Оплетки и ручки на руль";"FBO";0;8;"4,38";850;850;850;"nan";850;0;0;"0";"0";"0";"0";0;0;"nan";"https://cdn1.ozone.ru/s3/multimedia-j/6415844011.jpg";"https://www.ozon.ru/context/detail/id/710666244";"0";0;1990;850;0;0;0;0;0;0;0;0;0;0;0;0;0;0;0;0;0;0;0;0;0;0;0;0;0;0;0;0;0;0;0;0;0;0;0;0;0;0;0;0;0;0;0;0;0;0;0;0;0;0;0;0;0;0;0;0;0;0;0;0;850;850;850;850;850;850;850;850;850;850;850;850;850;850;850;850;850;850;850;850;850;850;850;850;850;850;850;850;850;850;0;0;0;0;0;0;0;0;0;0;0;0;0;0;0;0;0;0;0;0;0;0;0;0;0;0;0;0;0;0;0;0;0;0;0;0;0;0;0;0;0;0;0;0;0;0;0;0;0;0;0;0;0;0;0;0;0;0;0;0
711577767;"Оплётка на руль автомобиля / чехол для руля автомобиля со шнуровкой / черная с красной нитью / 37,38,39 см";"Тапир";"Тапир";"Автотовары/Автоаксессуары и принадлежности/Интерьер автомобиля/Оплетки и ручки на руль";"FBO";2;6;"4,33";591;577;622;"578";568;1;578;"19,2667";"578";"0";"0";30;1;"0,0333";"https://cdn1.ozone.ru/s3/multimedia-w/6415845212.jpg";"https://www.ozon.ru/context/detail/id/711577767";"0,0333";0;1990;596.5;1;0;0;0;0;0;0;0;0;0;0;0;0;0;0;0;0;0;0;0;0;0;0;0;0;0;0;0;0;0;578;0;0;0;0;0;0;0;0;0;0;0;0;0;0;0;0;0;0;0;0;0;0;0;0;0;0;0;0;0;578;578;577;577;577;577;592;591;590;601;613;613;613;612;613;613;613;613;613;613;622;603;602;603;591;591;591;591;591;591;6;8;7;8;5;4;3;1;4;2;4;4;4;4;2;1;2;1;1;0;0;3;2;4;4;2;2;1;2;3;2;2;2;2;2;2;2;2;2;2;2;2;2;2;2;2;2;2;2;2;2;2;2;2;2;2;2;2;2;2
710672833;"Оплётка на руль автомобиля / чехол для руля автомобиля со шнуровкой / черная с красной нитью / 37,38,39 см";"LION AUTO";"LION AUTO";"Автотовары/Автоаксессуары и принадлежности/Интерьер автомобиля/Оплетки и ручки на руль";"FBO";1;8;"4,38";605;604;636;"605";582;1;605;"20,1667";"605";"0";"0";30;1;"0,0333";"https://cdn1.ozone.ru/s3/multimedia-w/6415845212.jpg";"https://www.ozon.ru/context/detail/id/710672833";"0,0333";0;1990;612.5;0;0;0;0;1;0;0;0;0;0;0;0;0;0;0;0;0;0;0;0;0;0;0;0;0;0;0;0;0;0;0;0;0;0;605;0;0;0;0;0;0;0;0;0;0;0;0;0;0;0;0;0;0;0;0;0;0;0;0;0;604;605;605;605;605;605;612;612;612;613;626;626;626;626;627;626;627;626;626;626;636;617;617;617;605;605;605;605;606;605;4;4;2;2;3;2;1;2;5;5;4;6;2;3;3;3;5;2;2;1;1;4;3;6;6;4;3;3;3;4;2;2;2;2;1;1;1;1;1;1;1;1;1;1;1;1;1;1;1;1;1;1;1;1;1;1;1;1;1;1
711615321;"Оплётка на руль автомобиля / чехол для руля автомобиля со шнуровкой / черная перфорированная с черной нитью / 37,38,39 см";"Тапир";"Тапир";"Автотовары/Автоаксессуары и принадлежности/Интерьер автомобиля/Оплетки и ручки на руль";"FBO";2;12;"5";614;595;645;"614";590;1;614;"20,4667";"614";"0";"0";30;1;"0,0333";"https://cdn1.ozone.ru/s3/multimedia-7/6415845691.jpg";"https://www.ozon.ru/context/detail/id/711615321";"0,0333";0;1990;618.5;0;0;0;0;0;0;0;0;0;0;0;0;0;0;0;0;0;0;0;0;0;0;0;0;0;1;0;0;0;0;0;0;0;0;0;0;0;0;0;0;0;0;0;0;0;0;0;0;0;0;0;0;0;0;0;614;0;0;0;0;596;596;595;595;595;595;614;613;612;623;636;636;636;635;636;636;636;636;636;636;645;626;626;626;614;614;614;614;614;614;4;4;3;4;5;3;4;4;1;2;3;3;2;3;1;2;2;2;2;2;2;3;3;3;4;3;2;3;3;5;3;3;3;3;3;3;3;3;3;3;3;3;3;3;3;3;3;3;3;3;3;3;3;3;3;2;2;2;2;2
711540206;"Оплётка на руль автомобиля / чехол для руля автомобиля со шнуровкой / черная перфорированная с черной нитью / 37,38,39 см";"LION AUTO";"LION AUTO";"Автотовары/Автоаксессуары и принадлежности/Интерьер автомобиля/Оплетки и ручки на руль";"FBO";1;9;"5";605;604;636;"nan";582;0;0;"0";"0";"0";"0";30;0;"0";"https://cdn1.ozone.ru/s3/multimedia-7/6415845691.jpg";"https://www.ozon.ru/context/detail/id/711540206";"0";0;1990;612.5;0;0;0;0;0;0;0;0;0;0;0;0;0;0;0;0;0;0;0;0;0;0;0;0;0;0;0;0;0;0;0;0;0;0;0;0;0;0;0;0;0;0;0;0;0;0;0;0;0;0;0;0;0;0;0;0;0;0;0;0;604;605;605;605;605;605;612;612;612;613;626;626;626;626;627;626;627;626;626;626;636;617;617;617;605;605;605;605;606;605;9;9;8;7;8;5;5;4;5;7;8;5;3;5;6;3;6;5;6;4;3;6;7;8;7;6;5;4;5;7;1;1;1;1;1;1;1;1;1;1;1;1;1;1;1;1;1;1;1;1;1;1;1;1;1;1;1;1;1;1
711636963;"Оплётка на руль автомобиля / чехол для руля автомобиля со шнуровкой / черная перфорированная с синей нитью / 37,38,39 см";"Тапир";"Тапир";"Автотовары/Автоаксессуары и принадлежности/Интерьер автомобиля/Оплетки и ручки на руль";"FBO";1;12;"5";636;595;668;"nan";612;0;0;"0";"0";"0";"0";30;0;"0";"https://cdn1.ozone.ru/s3/multimedia-q/6415846250.jpg";"https://www.ozon.ru/context/detail/id/711636963";"0";0;1990;646;0;0;0;0;0;0;0;0;0;0;0;0;0;0;0;0;0;0;0;0;0;0;0;0;0;0;0;0;0;0;0;0;0;0;0;0;0;0;0;0;0;0;0;0;0;0;0;0;0;0;0;0;0;0;0;0;0;0;0;0;596;596;595;595;595;595;639;638;643;655;658;658;658;657;657;657;657;657;657;657;668;656;649;649;636;636;636;637;637;636;4;5;3;7;6;4;5;4;6;4;3;3;2;3;2;3;3;3;3;2;0;2;4;4;4;3;2;2;5;3;1;1;1;1;1;1;1;1;1;1;1;1;1;1;1;1;1;1;1;1;1;1;1;1;1;1;1;1;1;1
711544829;"Оплётка на руль автомобиля / чехол для руля автомобиля со шнуровкой / черная перфорированная с синей нитью / 37,38,39 см";"LION AUTO";"LION AUTO";"Автотовары/Автоаксессуары и принадлежности/Интерьер автомобиля/Оплетки и ручки на руль";"FBO";0;9;"5";850;850;850;"nan";850;0;0;"0";"0";"0";"0";0;0;"nan";"https://cdn1.ozone.ru/s3/multimedia-q/6415846250.jpg";"https://www.ozon.ru/context/detail/id/711544829";"0";0;1990;850;0;0;0;0;0;0;0;0;0;0;0;0;0;0;0;0;0;0;0;0;0;0;0;0;0;0;0;0;0;0;0;0;0;0;0;0;0;0;0;0;0;0;0;0;0;0;0;0;0;0;0;0;0;0;0;0;0;0;0;0;850;850;850;850;850;850;850;850;850;850;850;850;850;850;850;850;850;850;850;850;850;850;850;850;850;850;850;850;850;850;0;0;0;0;0;0;0;0;0;0;0;0;0;0;0;0;0;0;0;0;0;0;0;0;0;0;0;0;0;0;0;0;0;0;0;0;0;0;0;0;0;0;0;0;0;0;0;0;0;0;0;0;0;0;0;0;0;0;0;0
711753731;"Оплётка на руль автомобиля / чехол для руля автомобиля со шнуровкой / черная перфорированная с серой нитью / 37,38,39 см";"Тапир";"Тапир";"Автотовары/Автоаксессуары и принадлежности/Интерьер автомобиля/Оплетки и ручки на руль";"FBO";0;12;"5";614;595;768;"768";590;1;768;"25,6";"2304";"1536";"66,67";10;1;"0";"https://cdn1.ozone.ru/s3/multimedia-a/6415845982.jpg";"https://www.ozon.ru/context/detail/id/711753731";"0,0333";0;1990;614;0;0;0;0;0;0;0;0;0;0;1;0;0;0;0;0;0;0;0;0;0;0;0;0;0;0;0;0;0;0;0;0;0;0;0;0;0;0;0;0;768;0;0;0;0;0;0;0;0;0;0;0;0;0;0;0;0;0;0;0;596;596;595;595;595;595;614;613;612;623;768;768;768;738;739;738;738;738;738;738;602;626;626;626;614;614;614;614;614;614;4;3;1;1;1;1;0;0;0;0;0;0;0;0;0;0;0;0;0;0;0;0;0;0;0;0;0;0;0;0;1;1;1;1;1;1;1;1;1;1;0;0;0;0;0;0;0;0;0;0;0;0;0;0;0;0;0;0;0;0
711543802;"Оплётка на руль автомобиля / чехол для руля автомобиля со шнуровкой / черная перфорированная с серой нитью / 37,38,39 см";"LION AUTO";"LION AUTO";"Автотовары/Автоаксессуары и принадлежности/Интерьер автомобиля/Оплетки и ручки на руль";"FBO";0;9;"5";605;604;636;"628";582;2;1256;"41,8667";"12560";"11304";"90";3;1;"0";"https://cdn1.ozone.ru/s3/multimedia-a/6415845982.jpg";"https://www.ozon.ru/context/detail/id/711543802";"0,0667";0;1990;617;0;0;0;2;0;0;0;0;0;0;0;0;0;0;0;0;0;0;0;0;0;0;0;0;0;0;0;0;0;0;0;0;0;1256;0;0;0;0;0;0;0;0;0;0;0;0;0;0;0;0;0;0;0;0;0;0;0;0;0;0;604;605;605;628;628;628;613;613;612;613;626;626;626;626;627;626;627;626;626;626;636;617;617;617;605;605;605;605;606;605;5;5;2;0;0;0;0;0;0;0;0;0;0;0;0;0;0;0;0;0;0;0;0;0;0;0;0;0;0;0;2;2;2;0;0;0;0;0;0;0;0;0;0;0;0;0;0;0;0;0;0;0;0;0;0;0;0;0;0;0
711636350;"Оплётка на руль автомобиля / чехол для руля автомобиля со шнуровкой / черная перфорированная с красной нитью / 37,38,39 см";"Тапир";"Тапир";"Автотовары/Автоаксессуары и принадлежности/Интерьер автомобиля/Оплетки и ручки на руль";"FBO";0;12;"5";850;595;850;"nan";850;0;0;"0";"0";"0";"0";0;0;"nan";"https://cdn1.ozone.ru/s3/multimedia-1/6415846549.jpg";"https://www.ozon.ru/context/detail/id/711636350";"0";0;1990;850;0;0;0;0;0;0;0;0;0;0;0;0;0;0;0;0;0;0;0;0;0;0;0;0;0;0;0;0;0;0;0;0;0;0;0;0;0;0;0;0;0;0;0;0;0;0;0;0;0;0;0;0;0;0;0;0;0;0;0;0;596;596;595;595;595;595;850;850;850;850;850;850;850;850;850;850;850;850;850;850;850;850;850;850;850;850;850;850;850;850;0;0;0;0;0;0;0;0;0;0;0;0;0;0;0;0;0;0;0;0;0;0;0;0;0;0;0;0;0;0;0;0;0;0;0;0;0;0;0;0;0;0;0;0;0;0;0;0;0;0;0;0;0;0;0;0;0;0;0;0
711547319;"Оплётка на руль автомобиля / чехол для руля автомобиля со шнуровкой / черная перфорированная с красной нитью / 37,38,39 см";"LION AUTO";"LION AUTO";"Автотовары/Автоаксессуары и принадлежности/Интерьер автомобиля/Оплетки и ручки на руль";"FBO";0;9;"5";850;850;850;"nan";850;0;0;"0";"0";"0";"0";0;0;"nan";"https://cdn1.ozone.ru/s3/multimedia-1/6415846549.jpg";"https://www.ozon.ru/context/detail/id/711547319";"0";0;1990;850;0;0;0;0;0;0;0;0;0;0;0;0;0;0;0;0;0;0;0;0;0;0;0;0;0;0;0;0;0;0;0;0;0;0;0;0;0;0;0;0;0;0;0;0;0;0;0;0;0;0;0;0;0;0;0;0;0;0;0;0;850;850;850;850;850;850;850;850;850;850;850;850;850;850;850;850;850;850;850;850;850;850;850;850;850;850;850;850;850;850;0;0;0;0;0;0;0;0;0;0;0;0;0;0;0;0;0;0;0;0;0;0;0;0;0;0;0;0;0;0;0;0;0;0;0;0;0;0;0;0;0;0;0;0;0;0;0;0;0;0;0;0;0;0;0;0;0;0;0;0
241971371;"Оплётка на руль STW02A-BL ""М"" экокожа чёрная с синими вставками-сетка 37-39см";"Zetla";"Zetla";"Автотовары/Автоаксессуары и принадлежности/Интерьер автомобиля/Оплетки и ручки на руль";"FBO";5;12;"5";1169;1118;1300;"nan";1124;0;0;"0";"0";"0";"0";18;0;"0";"https://cdn1.ozone.ru/s3/multimedia-u/6055970022.jpg";"https://www.ozon.ru/context/detail/id/241971371";"0";0;1450;1165.5;0;0;0;0;0;0;0;0;0;0;0;0;0;0;0;0;0;0;0;0;0;0;0;0;0;0;0;0;0;0;0;0;0;0;0;0;0;0;0;0;0;0;0;0;0;0;0;0;0;0;0;0;0;0;0;0;0;0;0;0;1300;1300;1300;1300;1300;1300;1300;1300;1300;1300;1300;1300;1300;1141;1118;1126;1118;1156;1156;1156;1141;1135;1157;1157;1139;1139;1139;1162;1170;1169;0;0;0;0;0;0;0;0;0;0;0;2;6;5;5;7;5;5;5;3;1;3;5;5;5;3;3;3;5;2;0;0;0;0;0;0;0;0;0;0;0;0;2;2;2;2;2;2;4;5;5;5;5;5;5;5;5;5;5;5
293496785;"Оплётка на руль PSV RACE Размер М (37-39 см.), Бежевый";"";"Topmart";"Автотовары/Автоаксессуары и принадлежности/Интерьер автомобиля/Оплетки и ручки на руль";"FBO";1;1;"5";558;510;558;"nan";538;0;0;"0";"0";"0";"0";30;0;"0";"https://cdn1.ozone.ru/s3/multimedia-m/6079193146.jpg";"https://www.ozon.ru/context/detail/id/293496785";"0";0;999;527.5;0;0;0;0;0;0;0;0;0;0;0;0;0;0;0;0;0;0;0;0;0;0;0;0;0;0;0;0;0;0;0;0;0;0;0;0;0;0;0;0;0;0;0;0;0;0;0;0;0;0;0;0;0;0;0;0;0;0;0;0;510;522;517;521;521;521;516;516;515;517;527;527;527;527;527;528;528;528;528;528;536;536;537;537;558;558;558;558;558;558;9;10;9;8;9;6;7;11;7;13;13;9;10;9;11;10;11;11;12;11;10;8;10;8;8;9;8;5;6;8;1;1;1;1;1;1;1;1;1;1;1;1;1;1;1;1;1;1;1;1;1;1;1;1;1;1;1;1;1;1
294800200;"Оплётка на руль Lavita, размер М, синяя, ПВХ";"LAVITA";"Фабрика счастья";"Автотовары/Автоаксессуары и принадлежности/Интерьер автомобиля/Оплетки и ручки на руль";"FBO";0;3;"4,33";416;355;427;"363";400;1;363;"12,1";"680,625";"317,63";"46,67";16;1;"0";"https://cdn1.ozone.ru/s3/multimedia-l/6077388105.jpg";"https://www.ozon.ru/context/detail/id/294800200";"0,0333";0;580;371.5;0;0;0;0;0;0;0;0;0;0;0;0;0;0;0;0;1;0;0;0;0;0;0;0;0;0;0;0;0;0;0;0;0;0;0;0;0;0;0;0;0;0;0;0;0;0;363;0;0;0;0;0;0;0;0;0;0;0;0;0;374;374;374;374;374;374;366;356;355;356;363;363;363;364;363;363;363;363;363;363;369;382;382;427;417;417;417;417;416;416;2;1;1;1;1;1;1;1;1;1;1;1;1;1;2;0;0;0;0;0;0;0;0;0;0;0;0;0;0;0;1;1;1;1;1;1;1;1;1;1;1;1;1;1;1;1;0;0;0;0;0;0;0;0;0;0;0;0;0;0
294801082;"Оплётка на руль Lavita, размер М, красная, ПВХ";"LAVITA";"Фабрика счастья";"Автотовары/Автоаксессуары и принадлежности/Интерьер автомобиля/Оплетки и ручки на руль";"FBO";0;1;"5";357;331;370;"nan";343;0;0;"0";"0";"0";"0";0;0;"nan";"https://cdn1.ozone.ru/s3/multimedia-m/6079172014.jpg";"https://www.ozon.ru/context/detail/id/294801082";"0";0;500;358;0;0;0;0;0;0;0;0;0;0;0;0;0;0;0;0;0;0;0;0;0;0;0;0;0;0;0;0;0;0;0;0;0;0;0;0;0;0;0;0;0;0;0;0;0;0;0;0;0;0;0;0;0;0;0;0;0;0;0;0;338;338;339;339;339;339;331;354;355;356;363;363;363;364;363;363;363;363;363;363;369;370;370;369;358;358;358;358;357;357;0;0;0;0;0;0;0;0;0;0;0;0;0;0;0;0;0;0;0;0;0;0;0;0;0;0;0;0;0;0;0;0;0;0;0;0;0;0;0;0;0;0;0;0;0;0;0;0;0;0;0;0;0;0;0;0;0;0;0;0
294801474;"Оплётка на руль Lavita, размер М, бежевая, ПВХ";"LAVITA";"Фабрика счастья";"Автотовары/Автоаксессуары и принадлежности/Интерьер автомобиля/Оплетки и ручки на руль";"FBO";2;5;"4";351;346;370;"351";337;1;351;"11,7";"351";"0";"0";30;1;"0,0333";"https://cdn1.ozone.ru/s3/multimedia-n/6077388179.jpg";"https://www.ozon.ru/context/detail/id/294801474";"0,0333";0;489;357;0;0;0;0;0;0;0;0;0;0;0;0;0;0;0;0;0;0;0;0;0;0;0;0;0;0;0;0;0;1;0;0;0;0;0;0;0;0;0;0;0;0;0;0;0;0;0;0;0;0;0;0;0;0;0;0;0;0;0;351;370;370;370;370;370;370;349;347;346;346;356;356;356;357;357;357;357;357;357;357;361;361;361;361;351;351;351;351;350;351;3;1;4;3;1;2;2;3;4;1;1;3;3;4;4;4;4;4;4;4;3;3;4;4;4;4;3;4;4;4;3;3;3;3;3;3;3;3;3;3;3;3;3;3;3;3;3;3;3;3;3;3;3;3;3;3;3;3;3;2
917139804;"Оплётка на руль HR TWEED-L,Серый, 40-41 см";"Hadar Rosen";"PROAUTO MARKET";"Автотовары/Автоаксессуары и принадлежности/Интерьер автомобиля/Оплетки и ручки на руль";"FBO";0;4;"5";355;337;431;"341";342;1;341;"11,3667";"10230";"9889";"96,67";1;1;"0";"https://cdn1.ozone.ru/s3/multimedia-c/6624370596.jpg";"https://www.ozon.ru/context/detail/id/917139804";"0,0333";0;1000;420;0;1;0;0;0;0;0;0;0;0;0;0;0;0;0;0;0;0;0;0;0;0;0;0;0;0;0;0;0;0;0;341;0;0;0;0;0;0;0;0;0;0;0;0;0;0;0;0;0;0;0;0;0;0;0;0;0;0;0;0;337;341;427;420;420;420;427;418;420;425;429;429;429;431;425;425;425;425;425;425;347;357;357;357;352;352;352;356;355;355;3;0;0;0;0;0;0;0;0;0;0;0;0;0;0;0;0;0;0;0;0;0;0;0;0;0;0;0;0;0;1;0;0;0;0;0;0;0;0;0;0;0;0;0;0;0;0;0;0;0;0;0;0;0;0;0;0;0;0;0
916796118;"Оплётка на руль HR TWEED-L,БЕЖЕВЫЙ, 41 см";"Hadar Rosen";"PROAUTO MARKET";"Автотовары/Автоаксессуары и принадлежности/Интерьер автомобиля/Оплетки и ручки на руль";"FBO";0;4;"5";362;344;431;"431";349;1;431;"14,3667";"6465";"6034";"93,34";2;1;"0";"https://cdn1.ozone.ru/s3/multimedia-s/6624372232.jpg";"https://www.ozon.ru/context/detail/id/916796118";"0,0333";0;1000;359;0;0;1;0;0;0;0;0;0;0;0;0;0;0;0;0;0;0;0;0;0;0;0;0;0;0;0;0;0;0;0;0;431;0;0;0;0;0;0;0;0;0;0;0;0;0;0;0;0;0;0;0;0;0;0;0;0;0;0;0;355;359;431;430;430;430;349;344;347;356;363;363;363;352;351;348;345;345;345;345;355;370;364;365;359;359;359;363;362;362;12;10;0;0;0;0;0;0;0;0;0;0;0;0;0;0;0;0;0;0;0;0;0;0;0;0;0;0;0;0;1;1;0;0;0;0;0;0;0;0;0;0;0;0;0;0;0;0;0;0;0;0;0;0;0;0;0;0;0;0
753185831;"Оплётка на руль 38 см размер М Черная";"";"DorStor";"Автотовары/Автоаксессуары и принадлежности/Интерьер автомобиля/Оплетки и ручки на руль";"FBO";9;84;"4,87";706;666;799;"799";680;3;2397;"79,9";"2397";"0";"0";30;3;"0,1";"https://cdn1.ozone.ru/s3/multimedia-i/6533908170.jpg";"https://www.ozon.ru/context/detail/id/753185831";"0,1";0;1790;799;0;0;0;0;0;0;0;0;1;0;1;0;0;0;0;0;0;0;0;0;0;0;0;0;0;0;1;0;0;0;0;0;0;0;0;0;0;0;799;0;799;0;0;0;0;0;0;0;0;0;0;0;0;0;0;0;799;0;0;0;666;666;685;799;799;799;799;799;799;799;799;799;799;799;799;799;799;799;799;799;799;799;799;799;799;799;799;799;799;706;4;3;3;1;3;2;3;6;3;3;3;2;1;5;9;8;5;7;3;3;1;2;3;2;0;2;0;0;0;0;6;6;11;11;11;11;11;11;10;10;9;9;9;9;9;9;9;9;9;9;10;10;10;10;10;10;9;9;9;9
753186165;"Оплётка на руль 38 см размер М Синяя";"";"DorStor";"Автотовары/Автоаксессуары и принадлежности/Интерьер автомобиля/Оплетки и ручки на руль";"FBO";28;84;"4,87";706;706;799;"799";680;3;2397;"79,9";"2397";"0";"0";30;2;"0,1";"https://cdn1.ozone.ru/s3/multimedia-2/6533907938.jpg";"https://www.ozon.ru/context/detail/id/753186165";"0,1";0;1790;799;2;0;0;0;0;0;0;0;0;1;0;0;0;0;0;0;0;0;0;0;0;0;0;0;0;0;0;0;0;0;1598;0;0;0;0;0;0;0;0;799;0;0;0;0;0;0;0;0;0;0;0;0;0;0;0;0;0;0;0;0;799;799;799;799;799;799;799;799;799;799;799;799;799;799;799;799;799;799;799;799;799;799;799;799;799;799;799;799;799;706;0;1;2;3;2;0;3;4;2;3;2;2;1;5;3;4;3;6;2;2;1;1;1;2;2;0;0;0;1;0;17;17;18;18;18;18;18;17;27;26;27;27;27;28;28;28;28;28;28;28;28;28;28;28;28;28;28;28;28;28
753186173;"Оплётка на руль 38 см размер М Оранжевая";"";"DorStor";"Автотовары/Автоаксессуары и принадлежности/Интерьер автомобиля/Оплетки и ручки на руль";"FBO";8;84;"4,87";706;693;799;"706";680;1;706;"23,5333";"706";"0";"0";30;1;"0,0333";"https://cdn1.ozone.ru/s3/multimedia-8/6533907836.jpg";"https://www.ozon.ru/context/detail/id/753186173";"0,0333";0;1790;799;0;0;0;0;0;0;0;0;0;0;0;0;0;0;0;0;0;0;0;0;0;0;0;1;0;0;0;0;0;0;0;0;0;0;0;0;0;0;0;0;0;0;0;0;0;0;0;0;0;0;0;0;0;706;0;0;0;0;0;0;799;799;799;799;799;799;799;799;799;799;799;799;799;799;799;799;799;693;693;693;704;705;705;706;702;702;702;701;722;706;0;0;0;1;1;0;0;3;1;0;1;0;0;1;1;1;2;3;1;1;0;1;2;2;1;0;0;0;0;0;10;10;10;10;10;10;10;9;9;9;9;9;9;9;9;9;9;9;9;9;9;9;9;8;8;8;8;8;8;8
745889965;"Оплётка на руль (XL) (41-42 см) экокожа,черно-синий (Газель) ""VETTLER die Energie"" (19151)";"VETTLER";"Гараж26";"Автотовары/Автоаксессуары и принадлежности/Интерьер автомобиля/Оплетки и ручки на руль";"FBO";0;3;"5";932;868;932;"874";897;1;874;"29,1333";"1456,6667";"582,67";"40,01";18;1;"0";"https://cdn1.ozone.ru/s3/multimedia-6/6435410430.jpg";"https://www.ozon.ru/context/detail/id/745889965";"0,0333";0;1200;890;0;0;0;0;0;0;0;0;0;0;0;0;0;0;0;0;0;0;1;0;0;0;0;0;0;0;0;0;0;0;0;0;0;0;0;0;0;0;0;0;0;0;0;0;0;0;0;0;874;0;0;0;0;0;0;0;0;0;0;0;868;890;889;888;888;888;881;878;881;890;899;899;899;895;884;874;874;874;874;874;893;894;895;895;929;929;929;929;931;932;2;2;1;2;0;0;2;2;4;5;4;2;2;2;2;4;4;2;0;0;0;0;0;0;0;0;0;0;0;0;1;1;1;1;1;1;1;1;1;1;1;1;1;1;1;1;1;1;0;0;0;0;0;0;0;0;0;0;0;0
750545608;"Оплётка на руль (XL) (41-42 см) экокожа,черно-красный (Газель) ""VETTLER die Energie"" (19154)";"VETTLER";"Гараж26";"Автотовары/Автоаксессуары и принадлежности/Интерьер автомобиля/Оплетки и ручки на руль";"FBO";0;3;"5";888;827;888;"885";854;1;885;"29,5";"1106,25";"221,25";"20";24;1;"0";"https://cdn1.ozone.ru/s3/multimedia-7/6440008495.jpg";"https://www.ozon.ru/context/detail/id/750545608";"0,0333";0;1250;848;0;0;0;0;0;0;0;0;0;0;0;0;0;0;0;0;0;0;0;0;0;0;0;0;1;0;0;0;0;0;0;0;0;0;0;0;0;0;0;0;0;0;0;0;0;0;0;0;0;0;0;0;0;0;885;0;0;0;0;0;827;848;847;846;846;846;839;836;839;848;856;856;856;852;842;833;833;833;833;833;851;852;852;852;885;885;885;885;886;888;6;5;5;5;5;4;5;6;4;5;7;6;6;5;5;5;5;5;5;6;4;4;3;4;0;0;0;0;0;0;1;1;1;1;1;1;1;1;1;1;1;1;1;1;1;1;1;1;1;1;1;1;1;1;0;0;0;0;0;0
750702818;"Оплётка на руль (XL) (41-42 см) винил,черный (Газель) ""VETTLER KLASSIKER"" (17604)";"VETTLER";"Гараж26";"Автотовары/Автоаксессуары и принадлежности/Интерьер автомобиля/Оплетки и ручки на руль";"FBO";1;2;"3";774;716;774;"nan";745;0;0;"0";"0";"0";"0";30;0;"0";"https://cdn1.ozone.ru/s3/multimedia-i/6440101206.jpg";"https://www.ozon.ru/context/detail/id/750702818";"0";0;850;738;0;0;0;0;0;0;0;0;0;0;0;0;0;0;0;0;0;0;0;0;0;0;0;0;0;0;0;0;0;0;0;0;0;0;0;0;0;0;0;0;0;0;0;0;0;0;0;0;0;0;0;0;0;0;0;0;0;0;0;0;716;716;716;716;716;716;723;722;723;724;738;738;738;738;739;738;738;738;738;738;750;751;750;754;772;772;772;772;773;774;1;4;2;1;1;0;1;1;1;1;1;1;1;1;1;4;4;4;4;5;2;2;2;4;2;2;3;3;4;3;1;1;1;1;1;1;1;1;1;1;1;1;1;1;1;1;1;1;1;1;1;1;1;1;1;1;1;1;1;1
750613762;"Оплётка на руль (L) (39-40 см) вспененый ПВХ,голубой (ВАЗ 2101-2107, Волга) ""VETTLER SPORT"" (17580)";"VETTLER";"Гараж26";"Автотовары/Автоаксессуары и принадлежности/Интерьер автомобиля/Оплетки и ручки на руль";"FBO";0;8;"4,63";810;756;810;"767";779;1;767;"25,5667";"2876,25";"2109,25";"73,34";8;1;"0";"https://cdn1.ozone.ru/s3/multimedia-6/6440044674.jpg";"https://www.ozon.ru/context/detail/id/750613762";"0,0333";0;1100;777;0;0;0;0;0;0;0;0;1;0;0;0;0;0;0;0;0;0;0;0;0;0;0;0;0;0;0;0;0;0;0;0;0;0;0;0;0;0;767;0;0;0;0;0;0;0;0;0;0;0;0;0;0;0;0;0;0;0;0;0;756;756;756;756;756;756;767;768;767;767;776;776;776;776;777;777;777;777;777;777;788;789;789;790;809;809;809;810;809;810;8;8;9;7;8;5;8;4;0;0;0;0;0;0;0;0;0;0;0;0;0;0;0;0;0;0;0;0;0;0;1;1;1;1;1;1;1;1;0;0;0;0;0;0;0;0;0;0;0;0;0;0;0;0;0;0;0;0;0;0
467791384;"Оплётка на руль ""Водитель АС""  M ";"Автотовары Victoria";"888";"Автотовары/Автоаксессуары и принадлежности/Интерьер автомобиля/Оплетки и ручки на руль";"FBO";0;4;"2";236;236;236;"nan";236;0;0;"0";"0";"0";"0";0;0;"nan";"https://cdn1.ozone.ru/s3/multimedia-c/6158361348.jpg";"https://www.ozon.ru/context/detail/id/467791384";"0";0;566;236;0;0;0;0;0;0;0;0;0;0;0;0;0;0;0;0;0;0;0;0;0;0;0;0;0;0;0;0;0;0;0;0;0;0;0;0;0;0;0;0;0;0;0;0;0;0;0;0;0;0;0;0;0;0;0;0;0;0;0;0;236;236;236;236;236;236;236;236;236;236;236;236;236;236;236;236;236;236;236;236;236;236;236;236;236;236;236;236;236;236;0;0;0;0;0;0;0;0;0;0;0;0;0;0;0;0;0;0;0;0;0;0;0;0;0;0;0;0;0;0;0;0;0;0;0;0;0;0;0;0;0;0;0;0;0;0;0;0;0;0;0;0;0;0;0;0;0;0;0;0
698657964;"Оплётка на руль";"";"Car-baby";"Автотовары/Автоаксессуары и принадлежности/Интерьер автомобиля/Оплетки и ручки на руль";"FBO";0;9;"5";1300;1300;1300;"nan";1300;0;0;"0";"0";"0";"0";0;0;"nan";"https://cdn1.ozone.ru/s3/multimedia-7/6400226047.jpg";"https://www.ozon.ru/context/detail/id/698657964";"0";0;2500;1300;0;0;0;0;0;0;0;0;0;0;0;0;0;0;0;0;0;0;0;0;0;0;0;0;0;0;0;0;0;0;0;0;0;0;0;0;0;0;0;0;0;0;0;0;0;0;0;0;0;0;0;0;0;0;0;0;0;0;0;0;1300;1300;1300;1300;1300;1300;1300;1300;1300;1300;1300;1300;1300;1300;1300;1300;1300;1300;1300;1300;1300;1300;1300;1300;1300;1300;1300;1300;1300;1300;0;0;0;0;0;0;0;0;0;0;0;0;0;0;0;0;0;0;0;0;0;0;0;0;0;0;0;0;0;0;0;0;0;0;0;0;0;0;0;0;0;0;0;0;0;0;0;0;0;0;0;0;0;0;0;0;0;0;0;0
698591053;"Оплётка на руль";"";"Car-baby";"Автотовары/Автоаксессуары и принадлежности/Интерьер автомобиля/Оплетки и ручки на руль";"FBO";0;9;"5";1400;1400;1400;"nan";1372;0;0;"0";"0";"0";"0";0;0;"nan";"https://cdn1.ozone.ru/s3/multimedia-j/6400224727.jpg";"https://www.ozon.ru/context/detail/id/698591053";"0";0;2500;1400;0;0;0;0;0;0;0;0;0;0;0;0;0;0;0;0;0;0;0;0;0;0;0;0;0;0;0;0;0;0;0;0;0;0;0;0;0;0;0;0;0;0;0;0;0;0;0;0;0;0;0;0;0;0;0;0;0;0;0;0;1400;1400;1400;1400;1400;1400;1400;1400;1400;1400;1400;1400;1400;1400;1400;1400;1400;1400;1400;1400;1400;1400;1400;1400;1400;1400;1400;1400;1400;1400;0;0;0;0;0;0;0;0;0;0;0;0;0;0;0;0;0;0;0;0;0;0;0;0;0;0;0;0;0;0;0;0;0;0;0;0;0;0;0;0;0;0;0;0;0;0;0;0;0;0;0;0;0;0;0;0;0;0;0;0
450340838;"Оплетка на руль со стразами / чехол на руль со стразами / оплётка на руль / чехол на руль";"";"Lucky";"Автотовары/Автоаксессуары и принадлежности/Интерьер автомобиля/Оплетки и ручки на руль";"FBO";3;214;"4,97";999;839;999;"nan";999;0;0;"0";"0";"0";"0";12;0;"0";"https://cdn1.ozone.ru/s3/multimedia-f/6207918699.jpg";"https://www.ozon.ru/context/detail/id/450340838";"0";0;2250;999;0;0;0;0;0;0;0;0;0;0;0;0;0;0;0;0;0;0;0;0;0;0;0;0;0;0;0;0;0;0;0;0;0;0;0;0;0;0;0;0;0;0;0;0;0;0;0;0;0;0;0;0;0;0;0;0;0;0;0;0;839;839;839;839;839;839;851;852;999;999;999;999;999;999;999;999;999;999;999;999;999;999;999;999;999;999;999;999;999;999;0;0;0;0;0;0;0;0;0;0;0;0;0;0;0;0;0;7;19;17;16;16;17;19;17;17;17;15;17;11;0;0;0;0;0;0;0;0;0;0;0;0;0;0;0;0;0;0;3;3;3;3;3;3;3;3;3;3;3;3
279599091;"Оплетка на руль со стразами / чехол на руль со стразами / оплётка на руль / чехол на руль";"";"Lucky";"Автотовары/Автоаксессуары и принадлежности/Интерьер автомобиля/Оплетки и ручки на руль";"FBO";0;214;"4,97";990;990;990;"nan";990;0;0;"0";"0";"0";"0";0;0;"nan";"https://cdn1.ozone.ru/s3/multimedia-6/6070417770.jpg";"https://www.ozon.ru/context/detail/id/279599091";"0";0;2250;990;0;0;0;0;0;0;0;0;0;0;0;0;0;0;0;0;0;0;0;0;0;0;0;0;0;0;0;0;0;0;0;0;0;0;0;0;0;0;0;0;0;0;0;0;0;0;0;0;0;0;0;0;0;0;0;0;0;0;0;0;990;990;990;990;990;990;990;990;990;990;990;990;990;990;990;990;990;990;990;990;990;990;990;990;990;990;990;990;990;990;0;0;0;0;0;0;0;0;0;0;0;0;0;0;0;0;0;0;0;0;0;0;0;0;0;0;0;0;0;0;0;0;0;0;0;0;0;0;0;0;0;0;0;0;0;0;0;0;0;0;0;0;0;0;0;0;0;0;0;0
279181533;"Оплетка на руль со стразами / чехол на руль со стразами / оплётка на руль / чехол на руль";"";"Lucky";"Автотовары/Автоаксессуары и принадлежности/Интерьер автомобиля/Оплетки и ручки на руль";"FBO";0;214;"4,97";999;999;999;"nan";999;0;0;"0";"0";"0";"0";0;0;"nan";"https://cdn1.ozone.ru/s3/multimedia-9/6164251485.jpg";"https://www.ozon.ru/context/detail/id/279181533";"0";0;2250;999;0;0;0;0;0;0;0;0;0;0;0;0;0;0;0;0;0;0;0;0;0;0;0;0;0;0;0;0;0;0;0;0;0;0;0;0;0;0;0;0;0;0;0;0;0;0;0;0;0;0;0;0;0;0;0;0;0;0;0;0;999;999;999;999;999;999;999;999;999;999;999;999;999;999;999;999;999;999;999;999;999;999;999;999;999;999;999;999;999;999;0;0;0;0;0;0;0;0;0;0;0;0;0;0;0;0;0;0;0;0;0;0;0;0;0;0;0;0;0;0;0;0;0;0;0;0;0;0;0;0;0;0;0;0;0;0;0;0;0;0;0;0;0;0;0;0;0;0;0;0
279180002;"Оплетка на руль со стразами / чехол на руль со стразами / оплётка на руль / чехол на руль";"";"Lucky";"Автотовары/Автоаксессуары и принадлежности/Интерьер автомобиля/Оплетки и ручки на руль";"FBO";0;214;"4,97";1190;1190;1190;"nan";1190;0;0;"0";"0";"0";"0";0;0;"nan";"https://cdn1.ozone.ru/s3/multimedia-q/6070416386.jpg";"https://www.ozon.ru/context/detail/id/279180002";"0";0;2250;1190;0;0;0;0;0;0;0;0;0;0;0;0;0;0;0;0;0;0;0;0;0;0;0;0;0;0;0;0;0;0;0;0;0;0;0;0;0;0;0;0;0;0;0;0;0;0;0;0;0;0;0;0;0;0;0;0;0;0;0;0;1190;1190;1190;1190;1190;1190;1190;1190;1190;1190;1190;1190;1190;1190;1190;1190;1190;1190;1190;1190;1190;1190;1190;1190;1190;1190;1190;1190;1190;1190;0;0;0;0;0;0;0;0;0;0;0;0;0;0;0;0;0;0;0;0;0;0;0;0;0;0;0;0;0;0;0;0;0;0;0;0;0;0;0;0;0;0;0;0;0;0;0;0;0;0;0;0;0;0;0;0;0;0;0;0
258130052;"Оплетка на руль со стразами / чехол на руль со стразами / оплётка на руль / чехол на руль";"";"Lucky";"Автотовары/Автоаксессуары и принадлежности/Интерьер автомобиля/Оплетки и ручки на руль";"FBO";74;214;"4,97";822;771;951;"867,0909";790;11;9538;"317,9333";"9538";"0";"0";30;8;"0,3667";"https://cdn1.ozone.ru/s3/multimedia-o/6059923824.jpg";"https://www.ozon.ru/context/detail/id/258130052";"0,3667";0;2100;857;0;1;0;1;3;0;0;0;0;1;1;0;1;0;0;0;0;0;2;0;0;0;1;0;0;0;0;0;0;0;0;861;0;859;2577;0;0;0;0;854;869;0;869;0;0;0;0;0;1710;0;0;0;939;0;0;0;0;0;0;0;839;861;860;859;859;859;771;773;778;854;869;869;869;865;855;852;854;855;855;921;921;920;939;951;921;821;821;823;822;822;22;20;24;22;22;19;24;23;23;27;24;30;30;27;21;24;26;29;30;27;25;26;25;29;27;35;29;28;28;23;51;50;50;49;46;49;49;49;49;48;47;47;46;46;46;46;46;60;68;75;75;75;74;74;74;74;74;74;74;74
258102498;"Оплетка на руль со стразами / чехол на руль со стразами / оплётка на руль / чехол на руль";"";"Lucky";"Автотовары/Автоаксессуары и принадлежности/Интерьер автомобиля/Оплетки и ручки на руль";"FBO";18;214;"4,97";976;782;1006;"843,5";939;12;10122;"337,4";"10122";"0";"0";30;9;"0,4";"https://cdn1.ozone.ru/s3/multimedia-f/6059924931.jpg";"https://www.ozon.ru/context/detail/id/258102498";"0,4";0;2100;875;2;0;1;0;0;0;3;1;0;0;0;0;1;1;1;1;0;0;0;1;0;0;0;0;0;0;0;0;0;0;1702;0;872;0;0;0;2346;789;0;0;0;0;881;877;867;863;0;0;0;925;0;0;0;0;0;0;0;0;0;0;851;873;872;871;871;871;782;789;789;866;881;881;881;877;867;863;865;867;867;925;956;955;975;1006;974;974;974;978;979;976;21;21;23;21;22;20;25;26;27;26;23;24;18;18;20;20;21;27;32;29;25;28;27;26;26;23;22;22;24;22;17;17;16;16;16;16;13;12;12;12;12;12;11;10;9;8;8;12;18;17;17;17;17;18;18;18;18;18;18;18
258051928;"Оплетка на руль со стразами / чехол на руль со стразами / оплётка на руль / чехол на руль";"";"Lucky";"Автотовары/Автоаксессуары и принадлежности/Интерьер автомобиля/Оплетки и ручки на руль";"FBO";10;214;"4,97";1099;743;1099;"988,6522";1099;23;22739;"757,9667";"22739";"0";"0";30;12;"0,7667";"https://cdn1.ozone.ru/s3/multimedia-c/6060059892.jpg";"https://www.ozon.ru/context/detail/id/258051928";"0,7667";500;2100;1029;3;1;1;0;1;0;0;0;3;7;0;2;0;0;1;1;0;1;0;0;0;0;0;0;0;0;1;1;0;0;3045;1015;1015;0;1015;0;0;0;2229;7105;0;2030;0;0;1029;1029;0;1029;0;0;0;0;0;0;0;0;1099;1099;0;0;1015;1015;1015;1015;1015;1015;873;873;743;1015;1015;1015;1029;1029;1029;1029;1029;1029;1029;1099;1099;1099;1099;1099;1099;1099;1099;1099;1099;1099;20;21;22;21;20;20;25;22;24;23;24;26;25;21;20;23;24;21;23;21;20;20;23;21;21;20;21;17;21;21;26;25;24;24;23;23;23;23;20;13;13;11;11;11;10;9;9;8;11;11;11;11;11;12;12;12;11;10;10;10
1094106164;"Кожаная оплётка на руль черного цвета комбинированная с перфорацией, универсальная / чехол для руля кожаный размер М (37-38 см). Уцененный товар";"Rudder";"Rudder";"Автотовары/Автоаксессуары и принадлежности/Интерьер автомобиля/Оплетки и ручки на руль";"FBO";1;0;"0";1352;1352;1352;"nan";1352;0;0;"0";"0";"0";"0";30;0;"0";"https://cdn1.ozone.ru/s3/multimedia-7/6612795403.jpg";"https://www.ozon.ru/context/detail/id/1094106164";"0";2975;2900;1352;0;0;0;0;0;0;0;0;0;0;0;0;0;0;0;0;0;0;0;0;0;0;0;0;0;0;0;0;0;0;0;0;0;0;0;0;0;0;0;0;0;0;0;0;0;0;0;0;0;0;0;0;0;0;0;0;0;0;0;0;1352;1352;1352;1352;1352;1352;1352;1352;1352;1352;1352;1352;1352;1352;1352;1352;1352;1352;1352;1352;1352;1352;1352;1352;1352;1352;1352;1352;1352;1352;0;0;0;0;0;0;0;0;0;0;0;0;0;0;0;0;0;0;0;0;0;0;0;0;0;0;0;0;0;0;1;1;1;1;1;1;1;1;1;1;1;1;1;1;1;1;1;1;1;1;1;1;1;1;1;1;1;1;1;1
917029132;"Кожаная оплётка на руль Rudder, черного цвета комбинированная с перфорацией, универсальная / Чехол для руля автомобиля кожаный размер М (37-38 см)";"Rudder";"Rudder";"Автотовары/Автоаксессуары и принадлежности/Интерьер автомобиля/Оплетки и ручки на руль";"FBO";104;146;"4,9";1264;1226;1423;"1301,6512";1215;129;167913;"5597,1";"167913";"0";"0";30;28;"4,3";"https://cdn1.ozone.ru/s3/multimedia-7/6612795403.jpg";"https://www.ozon.ru/context/detail/id/917029132";"4,3";0;2900;1312;3;2;2;1;0;0;5;2;3;6;1;1;2;11;9;6;8;9;4;6;5;6;8;3;3;3;5;6;4;5;4248;2846;2830;1415;0;0;6130;2546;3819;7902;1317;1317;2634;13948;11493;7608;10488;11799;5244;7770;6440;7878;10504;3939;3876;3876;6460;7962;5304;6320;1416;1423;1415;1415;1415;1415;1226;1273;1273;1317;1317;1317;1317;1268;1277;1268;1311;1311;1311;1295;1288;1313;1313;1313;1292;1292;1292;1327;1326;1264;49;56;61;61;46;36;66;64;65;69;63;62;66;65;64;59;55;66;58;63;61;67;67;68;69;64;65;62;60;62;31;33;32;31;31;52;47;56;70;64;66;65;63;52;76;82;77;71;67;61;56;50;78;104;110;107;115;110;109;104
917254898;"Кожаная оплётка на руль Rudder, серого цвета комбинированная с перфорацией, универсальная / Чехол для руля автомобиля кожаный размер М (37-38 см)";"Rudder";"Rudder";"Автотовары/Автоаксессуары и принадлежности/Интерьер автомобиля/Оплетки и ручки на руль";"FBO";105;146;"4,9";1226;1220;1286;"1260,8649";1178;37;46652;"1555,0667";"46652";"0";"0";30;18;"1,2333";"https://cdn1.ozone.ru/s3/multimedia-k/6612793328.jpg";"https://www.ozon.ru/context/detail/id/917254898";"1,2333";0;2900;1258.5;3;0;0;0;0;0;0;0;0;2;3;0;0;2;2;3;3;0;0;2;2;2;1;1;1;2;3;2;2;1;3798;0;0;0;0;0;0;0;0;2522;3831;0;0;2512;2460;3714;3813;0;0;2542;2496;2546;1273;1273;1253;2506;3759;2556;2572;1226;1266;1266;1252;1220;1220;1220;1240;1226;1234;1261;1277;1277;1277;1256;1230;1238;1271;1271;1271;1271;1248;1273;1273;1273;1253;1253;1253;1278;1286;1226;28;22;23;31;45;38;40;45;46;45;40;42;69;46;38;43;59;52;42;41;42;79;48;49;60;54;49;35;48;40;21;21;22;22;22;44;55;53;53;60;57;57;57;55;85;91;88;88;88;86;85;83;87;89;90;102;105;103;106;105
381550336;" Оплётка на руль меховая";"ТБДД";"Оптовая компания";"Автотовары/Автоаксессуары и принадлежности/Интерьер автомобиля/Оплетки и ручки на руль";"FBO";0;293;"4,65";268;268;268;"nan";268;0;0;"0";"0";"0";"0";0;0;"nan";"https://cdn1.ozone.ru/s3/multimedia-u/6147383274.jpg";"https://www.ozon.ru/context/detail/id/381550336";"0";0;295;268;0;0;0;0;0;0;0;0;0;0;0;0;0;0;0;0;0;0;0;0;0;0;0;0;0;0;0;0;0;0;0;0;0;0;0;0;0;0;0;0;0;0;0;0;0;0;0;0;0;0;0;0;0;0;0;0;0;0;0;0;268;268;268;268;268;268;268;268;268;268;268;268;268;268;268;268;268;268;268;268;268;268;268;268;268;268;268;268;268;268;0;0;0;0;0;0;0;0;0;0;0;0;0;0;0;0;0;0;0;0;0;0;0;0;0;0;0;0;0;0;0;0;0;0;0;0;0;0;0;0;0;0;0;0;0;0;0;0;0;0;0;0;0;0;0;0;0;0;0;0
491006555;" Оплётка на руль красная строчка";"ТБДД";"Оптовая компания";"Автотовары/Автоаксессуары и принадлежности/Интерьер автомобиля/Оплетки и ручки на руль";"FBO";0;52;"4,69";295;295;295;"nan";295;0;0;"0";"0";"0";"0";0;0;"nan";"https://cdn1.ozone.ru/s3/multimedia-h/6251583101.jpg";"https://www.ozon.ru/context/detail/id/491006555";"0";0;330;295;0;0;0;0;0;0;0;0;0;0;0;0;0;0;0;0;0;0;0;0;0;0;0;0;0;0;0;0;0;0;0;0;0;0;0;0;0;0;0;0;0;0;0;0;0;0;0;0;0;0;0;0;0;0;0;0;0;0;0;0;295;295;295;295;295;295;295;295;295;295;295;295;295;295;295;295;295;295;295;295;295;295;295;295;295;295;295;295;295;295;0;0;0;0;0;0;0;0;0;0;0;0;0;0;0;0;0;0;0;0;0;0;0;0;0;0;0;0;0;0;0;0;0;0;0;0;0;0;0;0;0;0;0;0;0;0;0;0;0;0;0;0;0;0;0;0;0;0;0;0
